document_id,source_path,filename,extension,size_bytes,modified_iso,sha256,duplicate_group,count,unit,category,likely_client,service_area,sensitivity_risk,sensitivity_reason,embedded_title_or_error,sample_text
DOC-001,C:\Users\User\Desktop\180 deliverables\1600453661152_SCEF Strategic Plan 2020_2025_Final (1).pdf,1600453661152_SCEF Strategic Plan 2020_2025_Final (1).pdf,.pdf,917604,2026-07-04T13:48:32+02:00,4859a1fbb34bfe301f7692bbdce91d22c3cbf3a663668894de022118ebed51f9,,26,page,reference/source,SCEF,sustainability / circular economy; fundraising / partnerships; operations / procurement,medium,third-party copyrighted source,"Safeguard, Advocate, Partner and Empower (SAPE Agenda 2030)","© SCEF 2019 STREET CHILDREN EMPOWERMENT FOUNDATION (SCEF) | 62/3 WARD D, CREWE AVENUE – AMAMOMO CLOSE, PALLADIUM – JAMES TOWN Safeguard, Advocate, Partner and Empower (SAPE Agenda 2030) ADVOCATING FOR CHILDREN’S RIGHTS AND SAFEGUARDING CHILDREN IN STREET SITUATIONS THROUGH PARTNERSHIPS TO EMPOWER FAMILIES AND COMMUNITIES. STRATEGIC PLAN 2020 - 2025 1 | P a g e Table of Contents 1. Organizational History / Who We Are ............................................................................................................. 3 The Strategic Planning Process & Key Findings .................................................................................................. 7 4.1 Vision: ....................................................................................................................................................................... 9 4.2 Mission .................................................................................................................................................................... 9 4.3 Values:...................................................................................................................................................................... 9 Foundational Priorities .................................................................................................................................................... 10 5.1 Child Rights Programming ......................................................................................................................... 10 5.2 Human Rights-Based Approach ............................................................................................................. 10 5.3 Sustainable Development and Cooperation ................................................................................... 10 6 Who We Work With .................................................................................................................................................. 10 7 Whe"
DOC-002,C:\Users\User\Desktop\180 deliverables\180 DC - iGiver Pitch Deliverable 2.pptx,180 DC - iGiver Pitch Deliverable 2.pptx,.pptx,9280788,2026-07-04T13:54:22+02:00,397d89a8169b5d2d33323af8beb3c0ecf20024a8586f2032e0f315d5d1535070,,23,slide,consulting deliverable,iGiver,brand / marketing; fundraising / partnerships; operations / procurement,medium,client analysis and recommendations,,"180 DC Team December , 2023 X DELIVERABLE- 2 OVERVIEW FOR THE MEETING Agenda of the presentation. Meet the team and overview INTRODUCTION 01 Data collection overview DATA COLLECTION 02 Detailed processes SOPs 04 Acquisition channels recommendations ACQUISITION CHANNELS 03 Takeaways for deliverable 2 SUMMARY 0 5 MEET OUR TEAM Consulting Director SRITEJA DEVARAKONDA Consultant BEN WIESCHHOFF Consultant FILIP MITSKE Consultant MARIE BODSON Team Lead KARINA KHRISTICH Consultant NICHOLAS CHOE Consultant PRAAGYA GOYAL Consultant ROKO LAZIC DATA COLLECTION Data Collection - Companies Highlight benefits of data sharing such as better accessibility for donors additional NGO publicity with better accessibility and publicity -> more donations to the cause ARTICULATE THE BENEFIT OF DATA COLLECTION In exchange for data offer: recognition/certificates of appreciation acknowledgment of the company on iGiver’s website and social media platforms acknowledgment in promotional materials (e.g. fliers, posters at physical events…) DATA SHARING INCENTIVES"
DOC-003,C:\Users\User\Desktop\180 deliverables\180 DC - iGiver Presentation.pptx,180 DC - iGiver Presentation.pptx,.pptx,28852222,2026-07-04T13:54:20+02:00,01e82fcaa2f402ca697349b9ce019bbcc594a867665520bdbad990d0afaf8c99,,30,slide,consulting deliverable,iGiver,market research / growth; brand / marketing; fundraising / partnerships,medium,client analysis and recommendations,,"180 DC Team November, 2023 X DELIVERABLE-1 OVERVIEW FOR THE MEETING Agenda of the presentation. Meet the team and overview INTRODUCTION 01 SWOT analysis and iGiver overview IGIVER ANALYSIS 02 User flow, and business-wide recommendations RECOMMENDATIONS 04 Overview of Indian and global competitors and market research. COMPETITOR ANALYSIS 03 MEET OUR TEAM Consulting Director SRITEJA DEVARAKONDA Consultant BEN WIESCHHOFF Consultant FILIP MITSKE Consultant MARIE BODSON Team Lead KARINA KHRISTICH Consultant NICHOLAS CHOE Consultant PRAAGYA GOYAL Consultant ROKO LAZIC ABOUT iGIVER SWOT Analysis Positive Negative Internal Factors External Factors Passionate team In-kind donations focus, rather than cash donations Training for students e.g. web designing Technical expertise Social media and user base growth Market size of crowdfunding growth 2019 global crowdfunding market valued at 13.9 Billion US$ →forecasted to increase threefold by 2026 External funding and grants F raudulent NGOs C ybersecurity threats Strong competitors in market Monopolistic competition Strengths Opportunities Threats Weaknesses N o external funding Web Page structure Small amount of users & social media following Source: ISB"
DOC-004,C:\Users\User\Desktop\180 deliverables\180 Report GoodHout.pdf,180 Report GoodHout.pdf,.pdf,1547521,2026-07-04T13:48:26+02:00,cec4b01c87b4cc01a7ecd8e254eff14276b51dd140a0d3da9db4925ab9bb70d6,,57,page,consulting deliverable,GoodHout,sustainability / circular economy; market research / growth; brand / marketing,medium,client analysis and recommendations,,1 8 0 D E G R E E S C O N S U L T I N G FINAL RECOMMENDATIONS FOR GOODHOUT’S SOCIAL MEDIA AND WEB PRESENCE [180 DEGREES CONSULTING DELFT/ ROTTERDAM] [GOODHOUT] 17/02/2021 1 8 0 D e g r e e s C o n s u l t i ng 2 CONSULTANT PROFILES 1 8 0 D e g r e e s C o n s u l t i ng 3 CONTENTS CONSULTANT PROFILES ............................................................................... 2 EXECUTIVE SUMMARY .................................................................................. 5 SOCIAL MEDIA .............................................................................................. 6 Recommendation 1.1.: Social Media Content Creation ................................ ..........6 Methods and background ................................ ................................ ......................... 6 Social media presence in the industry ................................ ................................ ....... 8 Implementation plan ................................ ................................ ............................... 10 Setting up the profiles (getting started)................................ ................................ .... 11 Partnerships ................................ ................................ ................................ ............ 12 Basic management practices ................................ ................................ ................... 13 Contact management ................................ ................................ .............................. 14 Content creation ................................ ................................ ................................ ..... 16 Content management ................................ ................................ ............................. 18 Selling and branding sustainability ................................ ................................ ........... 19 Growth through engagement ................................ ................................ .................. 20 Giv
DOC-005,C:\Users\User\Desktop\180 deliverables\180 Tomatoworld Last Deliverable.pdf,180 Tomatoworld Last Deliverable.pdf,.pdf,2353797,2026-07-04T13:59:50+02:00,826a7abec4394abf14a98ce207dd4f6ebcdc49006205a814a2a528098282a77f,,28,page,consulting deliverable,Tomatoworld,sustainability / circular economy; brand / marketing; fundraising / partnerships,high,commercial/financial data; client analysis and recommendations,PowerPoint Presentation,"DELFT - ROTTERDAM Tomatoworld x 180DC Exploring Revenue Sources 2180 DEGREES CONSULTING Meet Our Great Team This is the team on the Tomatoworld project, focusing on the transition to Flora Campus Team Leader Fredrik Nygaard Løvåsen Consultant Stijn Satter Consultant Matteo Piana Consultant Riccardo Iannis Consultant Theodor Zeinler Consultant Anna Oseledka 180 DEGREES CONSULTING 3 Topics This section will summarize the findings of how Tomatoworld can monetize their raw data Raw Data01 Existing Market1.1 Research Institutions1.2 Agri-Tech Companies1.3 Greenhouse Equipment1.4 This section explains our plan for how Tomatoworld can increase revenue through education and training Education and Training02 Training and Certification Programs2.1 International Collaboration2.2 Hosting Events2.3 Video Game and Marketing2.4 This section will explore how Tomatoworld can capitalize on increasing health trends Compounds03 Health Trends3.1 Demand for Compounds3.2 Feasibility Ranking3.3 Lycopene and Beta-Carotene3.4 Supply Chain Players1.5 Policy Makers1.6 Solvent Extraction3.5 Partnerships3.6 Tomatoworld produces innovative greenhouse data which could be attractive for industry players and increase revenue MONETIZING RAW DATA 180 DEGREES CONSULTING 5 Existing Greenhouse-Data Usage Which educational institutions or programs implement real-time greenhouse data The University of Arizona offers a 14-week course on greenhouse environmental control, focusing on data- driven crop management and modern monitoring tools. University of Arizona & ADVANCEA 01 New York Sun Works runs a school-based program that teaches about sustainable agriculture. It combines STEM education with practical greenhouse data. New York Sun Works 02 NASA’s GLOBE Program lets students collect real-time data like temperature inside greenhouse environments to enhance their understanding of the environment . GLOBE 03 Real-time data is becoming more and more important in greenhouse management as the sector pushes for m"
DOC-006,C:\Users\User\Desktop\180 deliverables\180 X Liveshow Deliverable 1 Report.docx.pdf,180 X Liveshow Deliverable 1 Report.docx.pdf,.pdf,503221,2026-07-04T13:58:04+02:00,61cd4d387df706cb434f437cef09b7dd8724ae700e439cbb89f9a22e2f9d8a53,,20,page,consulting deliverable,Liveshow,sustainability / circular economy; market research / growth; brand / marketing,medium,client analysis and recommendations,180 X Liveshow Deliverable 1 Report.docx,"180DEGREESCONSULTING Reporttemplateversion1.1 1 CONTENTS EXECUTIVESUMMARY 3ANALYSIS 3PESTLEAnalysis 3CustomerAnalysis 6Competitor Analysis 10RECOMMENDATIONS 14ImplementingaTagline 14BrandingtheTLSLogo 15ReviewsandFeedback 16Social Media 17Optimizingfor Mobile 18DISCLAIMER 19180DEGREESCONSULTING 20 180Degrees Consulting 2 EXECUTIVESUMMARY ThisreportservestoestablishacomprehensiveunderstandingoftheLiveshowandtheenvironment surroundingit.Theteamconductedthoroughanalysesofthecompany’scompetitors,market conditionsandotherimportantfactorsthatmayleadtofutureopportunities.Onthebasisofthese analyseswededucedseveralkeyactionpointsthatwillhopefullyoptimizetheareasoffocus.These recommendationsincludetheintroductionofatagline,enhancedlogovisibility,implementationof reviews,increasedsocialmediabrandingandwebsiteoptimizationformobiledevices. ANALYSIS PESTLEANALYSIS Political Indiahasprogressivelyminimizedpoliticalinterferenceinbusiness,leadingtoincreasedeﬃciency andoutput.Thistransitiontoprivatizationhasinvolvedderegulation,de-reservation,and disinvestment,enhancingtheperformanceofstate-ownedenterprises,thoughchallengeshaveled tofurtherprivatizationinitiatives.India’staxationsystemfeaturesathree-tierfederalstructure, involvingtheUnionGovernment,StateGovernments,andLocalBodies,eachwithitsowntax levyingcapabilities.Despiteitsbreadth,thesystem’ssophisticationisstillevolving,withadiverse arrayoftaxesimposedatdiﬀerentgovernmentlevels,impactinggoods,services,andmore. TerrorismhassigniﬁcantlyimpactedIndianpoliticssinceitsinception,bothfromexternalsources andinternalgroups.Furthermore,corruptionisamajorconcernacrossIndia,negativelyaﬀecting boththebusinessclimateandpoliticallandscape,therebyhinderingeconomicprogress.Eﬀortsto combatcorruptionincludeincreasingpublicawarenessandgovernmentalmeasures 1 . 1 https://www.studocu.com/my/document/universiti-malaysia-sabah/international-business/pestle-analysis-of-indian-and-its-business/17363878 180Degrees Consulting 3 “Limitedsponsorshipopportuniti"
DOC-007,C:\Users\User\Desktop\180 deliverables\180_DC_OAF_Final_Report_Detail.pdf,180_DC_OAF_Final_Report_Detail.pdf,.pdf,2391947,2026-07-04T13:52:50+02:00,4787d7d9834ad510d417d4a81d94ed5c06b2af3797eb5ad0a4c0feae2f7ab243,,79,page,consulting deliverable,OAF,brand / marketing; business plan / financial; organization / governance,high,commercial/financial data; client analysis and recommendations,whiteExploring B2B business opportunities,"180 Degrees Consulting Delft-Rotterdam Exploring B2B business opportunities One Acre Fund, Rwanda 180 Degrees Consulting Delft-Rotterdam Exploring B2B businessopportunities One Acre Fund, Rwanda by 180 Degrees Consulting Delft-Rotterdam Name Role Semir Arabo Consultant Marco Bartzsch Consultant Alessandra Fiorentino Consultant Luija Galic Consultant Marek Homola Consultant Tim Fischmann T eam Lead Nicolas Will Consulting Director One Acre Fund contact: Maria Vasquez Project Duration: March, 2023 - July, 2023 Branch: 180 Degrees Consulting Delft-Rotterdam Summary In Rwanda, One Acre Fund (OAF) is a very successful NGO that supports farmers by supplying agri- cultural products, quality of life products and training. Currently, the organization almost exclusively relies on direct sales to farmers (B2C). Because of strategic ambitions to reach more farmers, but also to create a new, profitable channel, OAF hired 180DC to explore the potential of business to business (B2B) sales further. The project was divided into three deliverables: Deliverable 1 was used to give the consultants an overview of OAF . For an internal analysis, sev- eral interviews were conducted and many internal documents were shared with the consulting team. Furthermore, important stakeholders were identified and evaluated. An external analysis used the PES- TLE analysis framework to categorize many factors outside OAF that the organization has to consider. Lastly, the team got an overview of B2B in Rwanda and analyzed the most important sectors on a high level. Deliverable 2 was centered around a Product x Criteria Matrix which serves as a foundation for the decision which products to sell via B2B channels. 10 current and >15 non-current promising products were analyzed with >20 criteria from 5 categories: Internal, External, Impact, Financial and Risk. The criteria, their relative weighting, and individual product scores were fine-tuned multiple times, resulting in the recommendation to offer seeds,"
DOC-008,C:\Users\User\Desktop\180 deliverables\180_WayForward.pdf,180_WayForward.pdf,.pdf,606196,2026-07-04T13:48:38+02:00,ecf8e6b3627786a8f103f983422476078c6e6d327dc8dc3efbb0b5c476a96b36,,6,page,consulting deliverable,SCEF,fundraising / partnerships; digital / product; strategy,medium,client analysis and recommendations,,"Continue Empowering and Sending a Smileto Jamestown, Ghana and the World Team meeting XY November 2020Vivienne Dubourg, PienRoelofs, Eva Brcic, Emir Sarlak, Nikolaus Stern, Dan Sharrel 180 DEGREES CONSULTING 2 Agenda Way forward2 Team barometer1 180 DEGREES CONSULTING 3 Agenda Way forward2 Team barometer1 180 DEGREES CONSULTING 4 Recap: Are we on the same page about this? WE WILL DEVELOP THESE BASED ON ACADEMIC LITERATURE AND BEST PRACTICE EXAMPLES Overarching partnership strategyWhat?Why? Example Frameworks Create a common understanding of SCEF’s general approach to partnershipsCreate common tools for the implementation FundingKnow-howNetwork ProjectbasedNon-projectbasedMain partner Multiplier Partner selection checklistPartnership engagement checklistPartnership implementation checklist 180 DEGREES CONSULTING 5 General way forward Development of partnership strategy Development of implementation frameworks Development of implementation frameworksTeam Strategy (2 consultants) Team Frameworks (3 consultants) 2nd peer feedback"
DOC-009,C:\Users\User\Desktop\180 deliverables\180DC Deliverable 1.pptx,180DC Deliverable 1.pptx,.pptx,20942678,2026-07-04T14:01:28+02:00,c26a81fb938c4a6bd53f2db33451d55fbfdb9f99f3635d0a291faaa8ca398ce6,,17,slide,consulting deliverable,unresolved,sustainability / circular economy,high,commercial/financial data; client analysis and recommendations,,"Soil & More International x 180DC Market Assessment PRESENTATION AGENDA Market Landscape Price Benchmarking Competitive Landscape & Market Dynamics Potential Buyers and Segments of Buyers OUR TEAM Team Lead Rafael Pinto Consultant Tan Dabbagh Consultant Paul Avato Consultant Sebastian Falcone Consultant Petyo Rakov Consultant Aaron Soukas Market Landscape The market grew more selective in 2024, with trades down 25%, value down 29%, but prices holding at only a 5.5% drop $752 million total transaction value. Around 242 million tCO₂e traded across major standards. Average carbon credit price was $6.74 per tonne . $535 million (–29%). Lowest value since 2018, though still 1.9× higher than 2018. Fell to ~182 million tCO₂e (–25%) , the lowest level since 2018. Slight decrease to $6.37 per tonne (–5.5%) . Prices remained resilient despite lower trading volumes. 2023 2024 Market Value Market Value Average Price Transaction Volume Average Price Transaction Volume"
DOC-010,C:\Users\User\Desktop\180 deliverables\180DC Deliverable 2 Final.pptx,180DC Deliverable 2 Final.pptx,.pptx,7147706,2026-07-04T13:49:08+02:00,a0344bdb6598daa7beed7de141116a384bb5ee0e3ca09021949f7edca4450259,,34,slide,consulting deliverable,Pyropower,sustainability / circular economy; business plan / financial,high,commercial/financial data; client analysis and recommendations,PowerPoint Presentation,September 2016 December 2020 Pyropower Work Package 1 PRESENTATION AGENDA Recap Deliverable 4: Funding 3 4 15 25 Deliverable 2: Input Spent Coffee Ground Meet the Team Deliverable 1: Output Spent Coffee Ground 10 Deliverable 3: Biochar 21 Next Steps 32 MEET OUR TEAM CONSULTANT - DELFT CHITRANSH LOT CONSULTANT - RSM RENE HSU CONSULTANT - RSM MAX RAUSCH CONSULTANT - DELFT ELSIE LOUKIANTCHENKO TEAM LEADER - RSM MATTIAS EVANS Meet the Team The 180DC team consists of… RECAP INTRODUCTION Pyropower is an energy renewal startup: Organic waste Circular economy. C entralized pyrolysis reactor: Input = waste moist spent coffee ground Pyrolysis creates: Biochar CoffeeCarbon ™ Bio-oils Syngas Output = Dry Spent Coffee Ground Recap “Pyropower is looking to SCALE UP their business practices and wants to build up a CONSTANT REVENUE STREAM for a sustainable business model in order to continue towards their mission of circular economy.” Recap
DOC-011,C:\Users\User\Desktop\180 deliverables\180DC Deliverable 2.pptx,180DC Deliverable 2.pptx,.pptx,19680147,2026-07-04T14:01:30+02:00,94ebdfa9211fec092419027b57f653f9c99aa9865d9ee9d362f8ddafff37eedf,,13,slide,consulting deliverable,unresolved,sustainability / circular economy; business plan / financial; strategy,high,commercial/financial data; client analysis and recommendations,,"Soil & More International x 180DC Premium Pricing Strategy Development PRESENTATION OVERVIEW Ways to strengthen credit attributes Differentiation tactics Pricing strategy Team Lead Rafael Pinto Consultant Tan Dabbagh Consultant Paul Avato Consultant Sebastian Falcone Consultant Aaron Soukas Ways to s trengthen credit attributes Retroactive GS, CCB, and SD VISta Certification Not Permitted for Existing VERs Registry/Label Possibility of Recertification Explanation Gold Standard Not possible While Gold Standard did allow retroactive certification for pre-2012 credits, the deadline for the submission of initial documentation was 2017 for agricultural projects. CCB (Climate, Community & Biodiversity Label) Not possible CCB labels which certify co-benefits can only be retroactively added to VCUs (Verified Carbon units certified by Verra) and are thus incompatible with both the VER credits from S&P Global and Credible Carbon. SD VIsta Not possible The SD Vista label (also administered by Verra) requires credits to be generated entirely during the monitoring period, which includes an SD Vista assessment procedure and on-site audits. Differentiation tactics"
DOC-012,C:\Users\User\Desktop\180 deliverables\180DC Project Tracker — Complete File Library.pdf,180DC Project Tracker — Complete File Library.pdf,.pdf,634695,2026-07-04T07:18:20+02:00,106885e496b7d7ba73e9ea0986cfafba9adefc7f6c4e753be8cd7d7a7dda6461,,36,page,contract/agreement,23plusone,impact measurement; sustainability / circular economy; brand / marketing,high,legal terms/signatures; possible personal/contact or confidential data,180DC Project Tracker — Complete File Library,180DC Project Tracker — Complete File Library Subul Impact Consulting Project Brief: ● Subul Impact Outsourcing Project Brief 2.pdf Client Contract/Services Agreement: ● SUBUL_180DC Service Agreement.pdf Sanitised Deliverables: ● Pitch Deck for Appyad.pdf Eco-Logic Thailand Project Brief: ● Eco-Logic Thailand Project Brief.pdf Client Contract/Services Agreement: ● Eco-Logic x 180DC Service Agreement.pdf Sanitised Deliverables: ● Eco-Logic Full Project.pdf Kevlinx Project Brief: ● Kevlinx Project Brief.pdf Client Contract/Services Agreement: ● Kevlinx x 180DC Service Agreement.pdf Link to Project Files: ● 180DC x Kevlinx Full Project.pdf 8Energies Project Brief: ● 8Energies Project Brief.pdf Client Contract/Services Agreement: ● Service Agreement 8Energies_signed.pdf Link to Project Files: ● Deliverable 1 - 180DC x 8Energies.pdf ● Deliverable 2.pdf Greenhouse for the Future Sanitised Deliverables: ● distributionTGT.pdf ● Deliverable2.pdf The Ocean Cleanup Project Brief: ● Project deﬁnition for TOC.pdf 23plusone Project Brief: ● 23plusone Project Brief - Members.pdf Client Contract/Services Agreement: ● 23plusone_x_180DC_Service_Agreement.pdf Edge Video Client Contract/Services Agreement: ● Type A Services Agreement - Edge Video BV.pdf Acceleration Bay Client Contract/Services Agreement: ● Type A Services Agreement - Acceleration Bay LLC.pdf SlimBox Project Brief: ● Slimbox_180DC_Project_Proposal.pdf Client Contract/Services Agreement: ● Contract Signed.pdf Link to Project Files: ● Slimbox_180DC_Project_Proposal.pdf Sanitised Deliverables: ● Deliverable1-SlimBox_180DC.pptx ● Deliverable2-SlimBox.pptx ● Report about emissions calculator.pdf ● SLIMBOX: THE EMISSION CALCULATOR.xlsx ● SlimBox-Deliverable3.pdf Veridi Technologies Project Brief: ● Veridi_180DC_Project_Proposal.docx Client Contract/Services Agreement: ● Veridi_contract.pdf Sanitised Deliverables: ● Deliverable1.pptx ● Deliverable2.pptx ● Deliverable21.pptx Better Future Factory Project Brief: ● BetterFutureF
DOC-013,C:\Users\User\Desktop\180 deliverables\180DC x BCI Final Report 25_26.pdf,180DC x BCI Final Report 25_26.pdf,.pdf,4036698,2026-07-04T14:01:14+02:00,d75ef0e6aa7eb2eb5ec9687e09c11f0fa25cb4e97ae788b17cddbc318b9156e9,,31,page,consulting deliverable,BCI,sustainability / circular economy; operations / procurement; business plan / financial,medium,client analysis and recommendations,Final Report - Google Docs,"Barefoot College International x 180 Degrees Consulting Delft-Rotterdam Building livelihoods, brightening the future for women 2025/26 Executive Summary This report presents the main results of the project between 180 Degrees Consulting Delft-Rotterdam and Barefoot College International (BCI). The main purpose of this project was to strengthen women-led livelihoods in the Isles de Saloum region of Senegal. Firstly, this report highlights key regional challenges, while also recognizing the crucial role of women in local economic and social systems. Based on the data derived from this initial analysis, the report identifies sustainable oyster harvesting and beekeeping as priority livelihoods, supported by regenerative agriculture, baobab processing, eco-tourism, and skills-based enterprises. It was found that phased implementation plans, performance benchmarks, and sufficient financing are essential to support scalable and resilient development. Overall, the report recommends an integrated livelihood portfolio that strengthens women’s economic independence while protecting the region’s unique ecosystem. 180 Degrees Consulting 2 Table of Contents Executive Summary 2 Table of Contents 3 The Consultant Team 4 General Context 5 Exploring Current and New Livelihoods 7 Exploring current livelihoods 7 Exploring new livelihoods 10 Applicability of current and new livelihoods for the Isles de Saloum region 13 Applicability of the new and existing livelihoods in other regions that BCI works in 15 Implementation Plan for the New and the Current Livelihoods in the Isles de Saloum Region 17 The Role of BCI in implementing livelihoods 17 New livelihoods - general implementation plan 18 Current livelihoods - general implementation plan 20 New Potential Solar Projects and Financing Partners 22 Solar projects and financing partners in Senegal 22 Solar projects and financing partners in West Africa 24 Conclusion & Mission Alignment 25 Disclaimer 26 180 Degrees Consulting 3 The Consulta"
DOC-014,C:\Users\User\Desktop\180 deliverables\180DC x Circular IQ - Deliverable 1 Deck.pptx,180DC x Circular IQ - Deliverable 1 Deck.pptx,.pptx,11885893,2026-07-04T13:59:14+02:00,f77a87b395714f86fa55b9fe3bb691a0d44f8ca8f35371a29a6d0d1087d02755,,141,slide,consulting deliverable,Circular IQ,sustainability / circular economy; market research / growth; brand / marketing,medium,client analysis and recommendations,,"Circular IQ x 180 Degrees Consulting Internal & Competitor Analysis Consultant Profile David Prochazka TEAM LEADER ZHI YU YAP CONSULTANT FERDINAND CRUX CONSULTANT CHARLOTTE SCHNEIDER CONSULTANT JULIAN BRÜGELMANN CONSULTANT RICCARDO IANNIS CONSULTANT ARMAND MONA CONSULTING DIRECTOR Agenda Introduction of Circular IQ Market Overview Positioning Strategy Q&A Competitor Analysis 01 Introduction We have the following understanding of Circular IQ . The Mission Circular IQ aims to support businesses in creating sustainable, holistic value beyond profit through circular economy principles , regenerative economics, and data-driven insights to prevent greenwashing. Business Model Circular IQ offers access to its CTI Tool to a wide range of clients as tiered yearly subscriptions: Lite (test version – free) Plus (basic support – € 12.500) Premium (deeper support – € 27 .500) Enterprise (highest level of support and functionalities – individual quote)"
DOC-015,C:\Users\User\Desktop\180 deliverables\180DC x Kevlinx Full Project.pdf,180DC x Kevlinx Full Project.pdf,.pdf,6339747,2026-07-04T13:31:12+02:00,3e7159eb9a4abd5cb9113b36965a92da604cdaff4a5dc717981a357ebfff8ecc,,145,page,consulting deliverable,Kevlinx,sustainability / circular economy; market research / growth; brand / marketing,high,commercial/financial data; client analysis and recommendations,PowerPoint Presentation,"Kevlinx Optimization Strategy First Deliverable APRIL 2026 2180 DEGREES CONSULTING Meet our consulting team Team Leader Matteo Piana Consulting Director Anna Sloan Maxime Bos Consultant Ricky Kasi Consultant Dante Lisica Consultant Viktor Van den Berghe Consultant 3180 DEGREES CONSULTING Executive summary • Kevlinx should base capacity decisions on utilized MW rather than contracted or reserved MW, as contracted capacity materially overstates live load, especially for cloud customers. • A bottom-up forecasting approach is the most credible basis for planning, as it links expected demand to actual workload behavior and customer-specific utilization rather than to headline capacity figures. • Overselling is not the most attractive near-term monetization lever for Kevlinx: while limited overselling can generate some upside, the benefit turns negative once reliability risk is properly considered in AI-heavy environments. • Kevlinx’s present no-overselling stance is justified given its market positioning, the absence of BRU01 operating history, and the importance of building a strong reliability track record with early customers. • The sales pipeline can be translated into a probabilistic capacity view, indicating that additional capacity may need to be phased in over time rather than committed all at once. • As rack densities rise, traditional air cooling will become insufficient for a larger share of the future campus. Among the available options, direct-to-chip liquid cooling seams to be the most practical near-term solution for high-density halls. • To support these decisions, Kevlinx should build a single operational dashboard combining reserved, contracted, and utilized MW with risk, cooling, and financial metrics. This would improve day-to-day visibility and strengthen investment decisions. • Overall, Kevlinx should prioritize disciplined expansion timing, better utilization quality, and stronger operational visibility over aggressive monetization strategies, whil"
DOC-016,C:\Users\User\Desktop\180 deliverables\180DC-BoB slide deck.pptx (1).pdf,180DC-BoB slide deck.pptx (1).pdf,.pdf,1131616,2026-07-04T13:51:42+02:00,bd5058db2ff7fd27762ac59417c98782be3c2b3ee8862d59cd80c4c268162609,,14,page,consulting deliverable,BoB .,sustainability / circular economy; market research / growth; brand / marketing,high,commercial/financial data; client analysis and recommendations,180DC-BoB slide deck.pptx,"September 2016 November 2022 BUTCHER OF BLUE DELIVERABLE ONE 180 DEGREES CONSULTING 2 CURRENT STRATEGY Headquartered in Amersfoort Butcher of Blue 01 MARCH Producer of high quality seasonal clothing Clothing Brand02 Collaborates with over 140 retailers Small D2C presence via webshop B2B Business Model 03 90% male clothing 10% women’s wear Portfolio Works personally with each retailer for product selection. No direct relationship with end consumers Customer Relationships Working with suppliers worldwide Selling products in the Netherlands and Germany BENELUX 180 DEGREES CONSULTING 3 SWOT ANAL YSIS S W O T Strengths Weaknesses Opportunities Threats Positive Negative Internal FactorsExternal Factors High quality, made to last products Meaningful company story Longevity of the pieces makes them more sustainable Good connections to retailers STRENGTHS Little market presence or reputation Lack of a clear marketing message Difﬁculty in responding quickly to rapid increases in demand Limited product stock and shelf life of some materials WEAKNESSES Change into a D2C model to increase price ﬂexibility Diffuse brand image as authentic and local Collaborate with brands and celebrities OPPORTUNITIES Fast fashion industry Well established competing brands High dependency on retailers Growing preference for online shopping THREATS 180 DEGREES CONSULTING 4 ORGANIZATIONAL CHART 180 DEGREES CONSULTING 5 BPMN OF SALE"
DOC-017,C:\Users\User\Desktop\180 deliverables\180DC-MAWG-Deliverable1 incl TSOTC Research.pdf,180DC-MAWG-Deliverable1 incl TSOTC Research.pdf,.pdf,3437015,2026-07-04T13:53:16+02:00,70d64762de88592eabd8a8c7b6a63a07c834a5a2345905b2e7303f128f5e6c6f,,27,page,consulting deliverable,MAWG,impact measurement; market research / growth; brand / marketing,high,commercial/financial data; client analysis and recommendations,,"SUGGESTED USES: IMPACT MEASUREMENT Market Analysis of Individual Donors in GreeceDeliverable 1Friday, November 112022 180 DEGREES CONSULTING 2 The180DCanalysisshowsthattheGreekeconomyisgrowingwhileGreekspeopleareincreasinglydonatingtheirmoneytodifferentcharities.Moreover,theGreekgovernmentofferstaxreductions,whichfurtherincentivizedonationbehavior. Notonlythat,butthecompetitoranalysisshowsthattherearethreecompetitorswhooperateinthesamestrategicgroupasMakeaWish,namely‘TheSmileOfTheChild’,‘Floga’and‘Elpida’.Thesecompetitorsalsofocusondonationstowardschildrenandpossesscomparablemarketingactivitiesandcapabilities.ItstandsoutthatnoneofthecompetitorsactsintheactualsamemarketasMakeaWishfocusesonthepsychologicalhealthofchildren. Thus,themaintakeawayfromthecompetitoranalysisisthatthefocusofMAWGshouldbetodifferentiatethroughtheirpsychologicaleffectsandtoemphasizeitwithintheirmarketingactivities. ItisessentialtoreachthepotentialGreekdonorsthroughdifferentplatformsandemphasizethedifferentiationofMAW. Furthermore,theWorldGivingIndexintheyears2019and2022showsthatthereisanincreaseintheGreekpopulationtodonatemoney.Thosefindingsalignwiththeriseofphilanthropyseenallovertheworld.Overall,thisresultsinanincreasingpotentialtofulfilmorechildren’swishes. Executive SummaryIncreasing donation and social media behavior in Greece and no competitor in the same niche as MAW Executive Summary | Introduction | External Analysis | Financial Observations | Competitor Analysis | Outlook & Next Steps 180 DEGREES CONSULTING 3 Today’sAgenda Financial ObservationsCompetitor AnalysisOutlook & Next Steps External Analysis Introduction Executive Summary | Introduction| External Analysis | Financial Observations | Competitor Analysis | Outlook & Next Steps 180 DEGREES CONSULTING 4 Tim FischmannTeam Leader Youssef FarahConsulting DirectorGiacomo SofiConsultant Alessandra FiorentinoConsultant Rohit RungtaConsultant Navya KalaConsultant Mark LichtmannConsultant Suki SamaraConsultant Meet our TeamExecutive Summa"
DOC-018,C:\Users\User\Desktop\180 deliverables\180DC-Project_Proposal_Brand-Development (1).pdf,180DC-Project_Proposal_Brand-Development (1).pdf,.pdf,159608,2026-07-04T13:41:44+02:00,6c142d1a4492976aa9b65b4d169799bbd92445ff8408a78962f2641c1f527990,DUP-001,3,page,proposal/brief,Project Proposal Brand Development,sustainability / circular economy; market research / growth; brand / marketing,high,commercial/financial data; scope/internal planning,,"180 Degrees Consulting Project Brief PROJECT SCOPE Organizational Background Organization: Vet & Lazy Services: Vet & Lazy is a Dutch brewer based in Rotterdam who brews beer based on local raw materials. Vet & Lazy’s first beers were produced in the Summer of 2015 – the company has only scaled um since. Now, Vet & Lazy sells 6 beers in multiple stores such as Alber t Heijn and is becoming famous in the Rotterdam region. To quantify their growth, the brewer started with a production of 30L to the production of 40hl/month but aimed to increase this potential to 100hl/month. Vet & Lazy aims at having a positive societal impact by using local raw materials directly from the producer. As such, intermediaries are cut and the direct link to the producers enables them to receive a fairer price for their product. As such, Vet & Lazy benefits the local community. The brewer also has a positive impact from an environmental perspective. First, since the company mainly uses raw materials from local sources, the ecological impact is reduced since they do not come from far away foreign countries. Second, the company developed multiple technological tools to reduce its CO2 impact. One example of it is a technological initiative to use the production heat to heat the floor of Blue City Rotterdam. Third, as the production of beer uses a lot of water, Vet & Lazy partially uses the water of the Maas river as an incentive not to waste pure water. Fourth, Vet & Lazy will also partner with other organisations to for example use the waste during the beer production and recycle it to transform it into products that can be consumed. Customers: Vet & Lazy targets any beer lover in the B2C market. More recently, however, the company also operated with major B2B retailers such as Albert Heijn. Still, the final target remains beer lovers who appreciate good local beer brewed by a brewer with character. Contact Persons: - Okke (Co-Founder) - Any other employee familiar with the project scope The"
DOC-019,C:\Users\User\Desktop\180 deliverables\180DC-Project_Proposal_Brand-Development.pdf,180DC-Project_Proposal_Brand-Development.pdf,.pdf,159608,2026-07-04T13:41:40+02:00,6c142d1a4492976aa9b65b4d169799bbd92445ff8408a78962f2641c1f527990,DUP-001,3,page,proposal/brief,Project Proposal Brand Development,sustainability / circular economy; market research / growth; brand / marketing,high,commercial/financial data; scope/internal planning,,"180 Degrees Consulting Project Brief PROJECT SCOPE Organizational Background Organization: Vet & Lazy Services: Vet & Lazy is a Dutch brewer based in Rotterdam who brews beer based on local raw materials. Vet & Lazy’s first beers were produced in the Summer of 2015 – the company has only scaled um since. Now, Vet & Lazy sells 6 beers in multiple stores such as Alber t Heijn and is becoming famous in the Rotterdam region. To quantify their growth, the brewer started with a production of 30L to the production of 40hl/month but aimed to increase this potential to 100hl/month. Vet & Lazy aims at having a positive societal impact by using local raw materials directly from the producer. As such, intermediaries are cut and the direct link to the producers enables them to receive a fairer price for their product. As such, Vet & Lazy benefits the local community. The brewer also has a positive impact from an environmental perspective. First, since the company mainly uses raw materials from local sources, the ecological impact is reduced since they do not come from far away foreign countries. Second, the company developed multiple technological tools to reduce its CO2 impact. One example of it is a technological initiative to use the production heat to heat the floor of Blue City Rotterdam. Third, as the production of beer uses a lot of water, Vet & Lazy partially uses the water of the Maas river as an incentive not to waste pure water. Fourth, Vet & Lazy will also partner with other organisations to for example use the waste during the beer production and recycle it to transform it into products that can be consumed. Customers: Vet & Lazy targets any beer lover in the B2C market. More recently, however, the company also operated with major B2B retailers such as Albert Heijn. Still, the final target remains beer lovers who appreciate good local beer brewed by a brewer with character. Contact Persons: - Okke (Co-Founder) - Any other employee familiar with the project scope The"
DOC-020,C:\Users\User\Desktop\180 deliverables\180DC_2nd Deliverable (3).pdf,180DC_2nd Deliverable (3).pdf,.pdf,1685645,2026-07-04T13:53:28+02:00,c479c28821111ce70dca6d9c432fa916a11560f2e4b88bd0c4729918b95d86e5,,32,page,consulting deliverable,SCC,operations / procurement; digital / product,high,commercial/financial data; client analysis and recommendations,,"Benchmark & Compliance Analysis2ndDeliverable (09.12.22) 2180 DEGREES CONSULTING MEET OUR GREAT TEAM Consulting DirectorKoppanyHajoTeam LeaderPascal Winterhalder ConsultantArshia RezaeehaiJavadiConsultantBernardo HenriquesConsultantJasmine Zheng ConsultantJessnaPakzadConsultantMaria PredescuConsultantPragunSrivastava 180 DEGREES CONSULTING 3 EXECUTIVE SUMMARYANALYSISOuranalysisofthetwomodelswillconsiderthefollowingfactors/variables. •Logistics•Transportation•Equipment/suppliers•Labour•Quality •Considerations•Cost•Risk•Control BACKGROUNDSouthernCrossCareAustraliahasbeenfocusingonsupportingtheagedcommunitywithanchoronqualityoflife.AsapartofinitiativesofprovidingbakeryproductstailoredtothehealthandpreferencesoftheresidentsintheSouthAustraliaregion,SCCisinneedofanin-housebakerymodelbestfittedforSCC’sgoalsandresources. IMPACT&DECISIONSWewilltakethefollowingstepstorecommendcomprehensivein-housebakerymodelmostsuitedforSCC’scurrentstandingandfuturepotentials.Afinalcomparisonandevaluationismadeoftheadvantagesanddisadvantagesbetweenthetwomodels.Withthis,wearriveatanappraisalforthetwomodels,whichSCCcanconsiderintheirdecision. PROBLEMSTRUCTUREWehavedevelopedtwomodelsforSCC'sin-housebakery–acentralizedoptionandanon-siteoption.Eachofthesemodelshavetheirstrengthsandweaknesses,consideringthelogistics,transportation,equipment,costs,andlabourrequirementsofbothmodels. Anefficientin-housemodeltosupporthealthybakeryproductsforresidentsinSCC'sSouthAustraliaresidence 180 DEGREES CONSULTING 4 TODAY'SAGENDA 1. Overview 3. Centralized bakery2. Equipment and suppliersCentralized vs. On-site model Necessary resources for both models 4. On-site bakery 6. Appendix5. Future outlookLocation & Transportation Quality, Transportation & Labour Next steps Additional supporting information 180 DEGREES CONSULTING 5 01OverviewCentralized vs. On-site model Overview| Equipment and suppliers | Centralized bakery| On-site bakery | Future outlook | Appendix"
DOC-021,C:\Users\User\Desktop\180 deliverables\180DC_3rd Deliverable (1).pdf,180DC_3rd Deliverable (1).pdf,.pdf,1393293,2026-07-04T13:53:30+02:00,02c1ca924d04d6129007c3565534072a963094aa859d6a46bd2867533f912d4e,,22,page,consulting deliverable,SCC,brand / marketing; operations / procurement,medium,client analysis and recommendations,,"Implementation Plan3rdDeliverable (08.02.23) 2180 DEGREES CONSULTING MEET OUR GREAT TEAM Consulting DirectorKoppanyHajdoTeam LeaderPascal Winterhalder ConsultantArshia RezaeehaiJavadiConsultantBernardo HenriquesConsultantJasmine Zheng ConsultantJessnaPakzadConsultantMaria PredescuConsultantPragunSrivastava 180 DEGREES CONSULTING 3 EXECUTIVE SUMMARYANALYSISTherisksconnectedtotheimplementationofthecentralizedmodelarethefollowing:•Transportation•Likelihood:Medium•Impact:Medium•Equipment&Suppliers•Likelihood:Low•Impact:Medium•Labour•Likelihood:Medium•Impact:High•Quality•Likelihood:Medium•Impact:High BACKGROUNDSouthernCrossCareAustraliahasbeenfocusingonsupportingtheagedcommunitywithanchoronqualityoflife.AsapartofinitiativesofprovidingbakeryproductstailoredtothehealthandpreferencesoftheresidentsintheSouthAustraliaregion,SCCisinneedofanin-housebakerymodelbestfittedforSCC’sgoalsandresources. IMPLEMENTATIONLabourandqualityposethebiggestriskswhenimplementingthecentralizedmodel.Tomitigatetheserisks,solutionshavebeenhighlightedthroughoutthispresentation.Seekinginternalalignmentshouldbethefirststepoftheimplementation,followedbyconstructionplansandprocurement.Asuppliernetworkmustbeestablishedaftercompletingrenovationsasthefollowingstep.Alaststepbeforethelaunchistoengageinextensiveexternalmarketing.PROBLEMSTRUCTUREHavinganalysedtheadvantagesanddisadvantagesoftheon-siteandcentralizedmodel,thelatteroneoffersthemostbenefitstoSCC.Implementingacentralizedbakerymodelentailsriskswhichhavetobeanalysedconsideringthelogistics,transportation,equipment,costs,andlabour. Anefficientin-housemodeltosupporthealthybakeryproductsforresidentsinSCC'sSouthAustraliaresidence 180 DEGREES CONSULTING 4 TODAY'SAGENDA 1. Overview 3. Equipment & Suppliers 2. TransportationCentralized model Implementation risks 4. Labour& Quality5. Implementation PlanImplementation risks Implementation risks GhantChart & Score Card 180 DEGREES CONSULTING 5 01Overview –Centralised ModelPotential Risks: Transportation, Equipment"
DOC-022,C:\Users\User\Desktop\180 deliverables\180DC_MAWG_Deliverable2_Final.pptx.pdf,180DC_MAWG_Deliverable2_Final.pptx.pdf,.pdf,2518096,2026-07-04T13:53:18+02:00,930d6d1d779e1bd301da07c46c494b56d69f64ea7aeba94b53f9231ba42d50f0,,35,page,consulting deliverable,MAWG,impact measurement; market research / growth; brand / marketing,high,possible personal/contact or confidential data; commercial/financial data; client analysis and recommendations,180DC_MAWG_Deliverable2_Final.pptx,"SUGGESTED USES: IMPACT MEASUREMENT Profiles & Behaviours of Potential Individual Donors of MAWG Deliverable 2 Friday, December 9, 2022 180 DEGREES CONSULTING 2 Executive Summary MAWG needs a holistic marketing strategy, tailoring its organizational appearance and marketing channels to donor proﬁles of each segment. Executive Summary | Introduction | Segmentation | Marketing Channels | Outlook & Next Steps Segmentation We deﬁne 5 main sub-segments that should be addressed by MAW within the segments of donors and potential donors. For each segment we identiﬁed patterns that can help MAW address them and to move people through the donor journey. Focusing on returning donors can be very promising, because they can positively impact other segments by word-of-mouth promotion. Interesting patterns include: • Most donors are Female and between 25 and 54 • Motivations to donate differ, ranging from ‘beneﬁt to others’ (e.g. philanthropy) to ‘beneﬁt to self’ (e.g. own reputation). • Wealthy donors respond to better to a different, more individualized communication approach, while less wealthy donors prefer shared goals • Many more patterns can be found on the slides of this part Marketing Channels An analysis of the different available marketing channels for MAWG revealed: 1. The most visited channels are the website, e-shop and social media pages 2. Potential new donor strategies are seen through competitors 3. Sales and donations peak in February-March, April and December 4. Facebook is better for social media engagement, but Instagram is better to redirect donors to links 5. Most popular item is the Wishing Star, but Chris MAW T eddy-Bear produces most revenue 6. Overall, we recommend to focus marketing efforts both on retaining new visitors and on keeping returning visitors engaged The third and ﬁnal Deliverable in Jan 2023 will build on those insights, resulting in a holistic marketing strategy for Make A Wish Greece. 180 DEGREES CONSULTING 3 T oday’s Agenda Marketing Cha"
DOC-023,C:\Users\User\Desktop\180 deliverables\180DC_MAWG_Deliverable3_Final.pptx,180DC_MAWG_Deliverable3_Final.pptx,.pptx,28445295,2026-07-04T13:53:32+02:00,083e83f37aeb5faca3e5374d4b9f4757301fe970c04e72fe2b3d0afd2a715bb2,,77,slide,consulting deliverable,MAWG,brand / marketing; fundraising / partnerships; organization / governance,high,possible personal/contact or confidential data; client analysis and recommendations,PowerPoint Presentation,"Marketing Strategy & Improvements per Channel Deliverable 3 Friday, February 17, 2023 Today’s Agenda Channels Marketing Strategy Introduction Executive Summary | Introduction | Marketing Strategy | Channels | Summary & Closing Social Media Website Other (Email etc.) Summary & Closing Tim Fischmann Team Leader Youssef Farah Consulting Director Giacomo Sofi Consultant Alessandra Fiorentino Consultant Rohit Rungta Consultant Navya Kala Consultant Mark Lichtmann Consultant Suki Samara Consultant Meet our Team Executive Summary | Introduction | Marketing Strategy | Channels | Summary & Closing “ What can Make A Wish Greece improve about its marketing? How does the recommended Marketing Strategy look like? Which actions should be taken?” Problem Statement Executive Summary | Introduction | Marketing Strategy | Channels | Summary & Closing Executive Summary Outline of content, structure and main findings of this deliverable Executive Summary | Introduction | Marketing Strategy | Channels | Summary & Closing Marketing Strategy - STP In the previous deliverable, a segmentation of individual donors led to 5 segments: Never Visited, One-time/Returning Visitors, One-time/Returning Donors. Considering a range of criteria, we recommend to target website visitors that did not yet donate, and to increase marketing efforts for them. The current conversion rate from one-time visitors to donors is 1%, which is alarmingly low – increasing it should be a top priority for MAWG. This segment is already visiting the website, which makes this channel the most obvious one to analyze and improve. Still, also Social Media, both organic and paid, can be promising, especially when retargeting is used. Ultimately, the newsletter can be a great way to bind visitors and donors to the organization, to provide them with regular updates and to trigger donations. With this in mind, we analyze each of those channels, evaluate previous actions and recommend improvements. Channel Analysis & Improvements S"
DOC-024,C:\Users\User\Desktop\180 deliverables\180DC_OAF_Deliverable1.pdf,180DC_OAF_Deliverable1.pdf,.pdf,1513697,2026-07-04T13:52:34+02:00,6f3c2dde02f0b10f6c203d7b976c03214be918a93db1fcc6acaf07dc852617d8,,28,page,consulting deliverable,OAF,sustainability / circular economy; business plan / financial; strategy,medium,client analysis and recommendations,PowerPoint Presentation,"Understanding of OAF, TUBURA, B2B in Rwanda & Plan forward Deliverable 1 Friday , April 21, 2023 180 DEGREES CONSULTING 2 Tim Fischmann Team Leader Alessandra Fiorentino Consultant Semir Arabo Consultant Marco Bartzsch Consultant Nicolas Will Consulting Director Lucija Galic Consultant Marek Homola Consultant Meet our Team 180 DEGREES CONSULTING 3 Today’s Agenda External – Rwanda Overview + Interesting Sectors Internal – Business Model Canvas + Capabilities Introduction Introduction | Internal | External | Stakeholders | Problem Definition | Action Plan | Discussion Stakeholder Analysis Problem Definition Action Plan for Deliverable 2 & 3 Discussion, Q&A 180 DEGREES CONSULTING 4 Executive Summary Outline of content, structure and main findings of this deliverable [1] Internal Analysis To get an initial understanding of One Acre Fund (TUBURA), half of the team tried to assess all information given to us and to fill in all gaps in our understanding. In attempts to structure the information, we used a Business Model Canvas, Additionally, we summarized Capabilities & Constraints of the B2B activities in order to give us further direction and clear boundaries for the scope. Furthermore, additional materials were requested and interviews with Maria, Belinda, Melissa and JD were conducted. [2] External Analysis In order to also understand the context that One Acre Fund (TUBURA) operates in, we tried to get an initial understanding of the country Rwanda, its culture, business landscape and B2B practices. As a first step, a PESTLE analysis was conducted. It includes a look into the Political, Economic, Social, Technological, Legal and Environmental context in Rwanda. Beyond that, we investigated 5 big sectors of Rwanda in more detail, in order to find opportunities for OAFs B2B channel. These “Interesting Sectors” include 1. Energy 2. ICT 3. Agriculture 4. Tourism 5. Construction Based on the project brief & an initial understanding of OAF, its B2B ambitions, important stake"
DOC-025,C:\Users\User\Desktop\180 deliverables\180DC_OAF_Deliverable2.pdf,180DC_OAF_Deliverable2.pdf,.pdf,1310860,2026-07-04T13:52:38+02:00,f46eed20d51048b6d7b0a72073ed03d6c967adc86bd0ba8012889d4fe96007c9,,36,page,consulting deliverable,OAF,business plan / financial; digital / product; strategy,high,commercial/financial data; client analysis and recommendations,PowerPoint Presentation,"Selecting the most promising B2B Offering for One Acre Fund Deliverable 2 Friday , June 9, 2023 180 DEGREES CONSULTING 2 Tim Fischmann Team Leader Alessandra Fiorentino Consultant Semir Arabo Consultant Marco Bartzsch Consultant Nicolas Will Consulting Director Lucija Galic Consultant Marek Homola Consultant Meet our Team Introduction | Approach | Matrix | Limitations | One-Pagers | Action Plan | Discussion 180 DEGREES CONSULTING 3 Executive Summary Outline of content, structure and main findings of this deliverable Introduction | Approach | Matrix | Limitations | One-Pagers | Action Plan | Discussion External Impact Risk Financial Internal Goal & Methodology For this Deliverable, we analyzed 26 products for their potential as a future B2B product for OAF Rwanda. A total of 16 criteria were used that can be grouped into the 5 categories on the right. After scoring each product for each criterion (Product x Criteria Matrix), we gave an initial recommendation towards the highest-scoring products and analysed them a bit further. Outcome [Because of several limitations, including uncertainty about the relative importance and weight of each criterion, our “recommendations” are not final.] Based on average scores for each of the 5 assessment categories, the products we recommend are: 1. Pumps 2. Seeds 3. Bicycles 4. Mobile Phones We look forward to discussing those findings with you! Based on this Deliverable, the conducted analysis, and the Product x Criteria Matrix, we hope to give you enough support to decide which product(s) to include in the future B2B offering of OAF Rwanda. 180 DEGREES CONSULTING 4 Today’s Agenda Product x Criteria Matrix Approach Introduction Introduction | Approach | Matrix | Limitations | One-Pagers | Action Plan | Discussion Limitations Product One-Pagers Action Plan for Deliverable 3 Discussion, Q&A “For B2B Sales in Rwanda, which are the most recommended products for One Acre Fund, from an internal, external, financial, impact and risk perspe"
DOC-026,C:\Users\User\Desktop\180 deliverables\180DC_OAF_Deliverable3.pdf,180DC_OAF_Deliverable3.pdf,.pdf,1408244,2026-07-04T13:52:40+02:00,6cb2e79e4859ab5deab48882756b0f7fa2c58637ec710b0bcd6ef8f653f87400,,23,page,consulting deliverable,OAF,market research / growth; brand / marketing; business plan / financial,high,commercial/financial data; client analysis and recommendations,PowerPoint-Präsentation,"Implementing a new B2B Offering Deliverable 3 Friday , July 14, 2023 180 DEGREES CONSULTING 2 Tim Fischmann Team Leader Alessandra Fiorentino Consultant Semir Arabo Consultant Marco Bartzsch Consultant Nicolas Will Consulting Director Lucija Galic Consultant Marek Homola Consultant Meet our Team Introduction | Marketing & Sales | Financial Predictions | Project Conclusion | Discussion 180 DEGREES CONSULTING 3 Marketing & Sales Strategy Because marketing & sales are very dependent on the specifics of the offering, without a clear product decision, no ”always true” advice for action was given. Instead, a clear 6-step plan was developed which OAF can use to finalize its marketing & sales strategy once the product decision is made: To make the steps tangible, the top 3 products (seeds, fertilizer, cooking stoves) are used as examples. Executive Summary Outline of content, structure and main findings of this deliverable Financial Predictions To make financial predictions for OAFs new B2B products, a spreadsheet was created that can be used as a template. It can be found here. Because the aim was to create a spreadsheet that is non-product-specific, it is kept rather general. Nonetheless, as an example, assumptions were made for the current top 3 products based on Deliverable 2. Next to a single-product and a multi-product forecast, it includes a sensitivity analysis and a scenario analysis, each of which can be used to gain further insights into deviations from the initial forecast. In addition to these 2 topics, the deliverable points out several key recommendations and a conclusion that puts the work into a bigger picture. For more details, 180DC also provides a written report. Introduction | Marketing & Sales | Financial Predictions | Project Conclusion | Discussion 1) Market Research 2) Offering & USP 3) Pricing 4) Required Systems 5) Execution 6) Optimization 180 DEGREES CONSULTING 4 RECAP: Project Overview Sources: Project Brief, 180DC Analysis Deliverable 1 Delive"
DOC-027,C:\Users\User\Desktop\180 deliverables\180DC_PLAEX_Presentation_Deliverable1.pdf,180DC_PLAEX_Presentation_Deliverable1.pdf,.pdf,2358528,2026-07-04T13:54:04+02:00,d1a4e1884cd4b661f908cf21a425d3974339edf9306d2feee52edf283443d4b5,,29,page,consulting deliverable,PLAEX,sustainability / circular economy; fundraising / partnerships; business plan / financial,high,possible personal/contact or confidential data; commercial/financial data; client analysis and recommendations,PLAEX - 1st Deliverable,"PLAEX - 1st Deliverable External and internal analysis November 2023 SUGGESTED USES: SUSTAINABILITY 180 DEGREES CONSULTING 2 MEET OUR TEAM Consultant SARA MERCEDES Email: saramercedes2004@hotmail.com T elephone: +31687776190 LinkedIn: Sara Mercedes Consultant SACHA BOUDEMAGHE Email: boudemaghe.sacha@gmail.com T elephone: +31 628544186 LinkedIn: Sacha Boudemaghe Consultant JAŚMINA SKOMSKA Email: jasmina.skomska@onet.pl T elephone: +48 887878717 LinkedIn: Jasmina Skomska T eam Leader Email: pragun.srivastava@outlook.com T elephone: +31683598604 LinkedIn: Pragun Srivastava PRAGUN SRIVASTAVA Consultant Email: semirarabo@gmail.com T elephone: +420 604893021 LinkedIn: Semir Arabo SEMIR ARABO Consultant TASEER SAMIULLAH Email: taseersam@gmail.com T elephone: +31623815319 LinkedIn: T aseer Samiullah 180 DEGREES CONSULTING 3 Agenda INTERNAL AUDIT MARKET ANAL YSIS MARKET GAPS WHAT’S NEXT Q&A Plaex Business Model - Client Acquisition - Points of Improvement. INTERNAL AUDIT 180 DEGREES CONSULTING 5 Channels ● Online presence such as web, email, LinkedIn ● Networking conferen- ces and trade shows Key Elements of PLAEX's Business Model Key Stakeholders ● Stadiums, concerts, ofﬁces, universities,… ● Waste management companies ● Other partners & supporters Key Activities ● Developing Garby and other products ● Leasing smart garbage bins to clients ● Educating on sustainability Value proposition ● Reduces waste pickup costs ● Improves sustainabilIty image ● Splitting revenue from deposit return ● Provides data via dashboard Financials ● R&D, production and servicing expenses ● B2B leasing model, subscription fees ● Splitted revenue from deposit return ● Grants & competitions Key Resources ● T echnical expertise ● Created network ● Production capabilities"
DOC-028,C:\Users\User\Desktop\180 deliverables\180DC_PLAEX_Presentation_Deliverable2and3.pdf,180DC_PLAEX_Presentation_Deliverable2and3.pdf,.pdf,1280018,2026-07-04T13:54:06+02:00,846cd48f879c002f8775b29a2c2192efa215e2a734b0cc6a13c3c8940463575a,,33,page,unclear/review,PLAEX,sustainability / circular economy; market research / growth; fundraising / partnerships,low/unknown,manual review required,PLAEX - 2nd + 3rd Deliverable,"PLAEX - 2nd + 3rd Deliverables January 2024 SUGGESTED USES: SUSTAINABILITY 180 DEGREES CONSULTING 2 Agenda Customer proﬁling + value proposition Strategic channel selection Partnership ecosystem development Personalized relationship building Wrap-up + Q&A Customer proﬁling and value proposition 180 DEGREES CONSULTING 4 Customer proﬁles: overview Proﬁles Universities Festival/concert venues Stadiums Ofﬁces Municipalities 180 DEGREES CONSULTING 5 Customer proﬁle: Universities However, waste is increasing over years for many universities Universities make it their mission to reduce waste Many universities have actions in place to increase waste sorting Universities want to increase sustainable waste sorting activities Residual waste is still a huge struggle for universities. Residual waste still stays a high portion of waste at universities Studies show that recycling is still not inherent in students and staff despite policies in place Students and Staff have struggle recycling Universities like Maastricht partner up with post sourcing companies which still do not ﬁx the issue of residual waste Post sourcing is not as efﬁcient Many have goals for the next free years and they need to monitor these goals. Universities need to achieve goals on a few year span (2025 -2030) University strive towards sustainability through innovation. Universities"
DOC-029,C:\Users\User\Desktop\180 deliverables\180DC_PLAEX_Report.pdf,180DC_PLAEX_Report.pdf,.pdf,10537904,2026-07-04T13:54:10+02:00,1015711e55a85a6bcfa0d5606e3a099727487ac4ae9a3022d61a7efab5bcbbb5,,45,page,consulting deliverable,PLAEX,sustainability / circular economy; market research / growth; brand / marketing,medium,client analysis and recommendations,,180 DEGREES CONSULTING Client acquisition strategy 180DC Delft-Rotterdam PLAEX Technologies January 2024 180 Degrees Consulting 2 CONSULTANT PROFILES PRAGUN SRIVASTAVA Team Leader pragun.srivastava@outlook.com TASEER SAMIULLAH Consultant taseersam@gmail.com SACHA BOUDEMAGHE Consultant boudemaghe.sacha@gmail.com JASMINA SKOMSKA Consultant jasmina.skomska@onet.pl SEMIR ARABO Consultant semirarabo@gmail.com SARA MERCEDES Consultant saramercedes2004@hotmail.com JERRISA WAYLAND Consulting Director j.wayland@180dc.org 180 Degrees Consulting 3 CONTENTS CONSULTANT PROFILES ............................................................................... 2 EXECUTIVE SUMMARY ................................................................................. 4 CONTEXT & OBJECTIVES ............................................................................... 5 THE CLIENT MISSION ........................................................................................... 5 CURRENT CHALLENGES ...................................................................................... 5 MARKET ANALYSIS ...................................................................................... 8 INDUSTRY CHALLENGES ..................................................................................... 8 REGULATORY LANDSCAPE ................................................................................. 9 COMPETITIVE FORCES ........................................................................................ 11 IDENTIFIED GAPS ................................................................................................ 12 CUSTOMER PROFILING AND VALUE PROPOSITION REFINEMENT................. 14 UNIVERSITIES ...................................................................................................... 14 MUNICIPALITIES .................................................................................................. 16 STADIUMS ..........................................................
DOC-030,C:\Users\User\Desktop\180 deliverables\180DC_SCC - Final Report.pdf,180DC_SCC - Final Report.pdf,.pdf,12048200,2026-07-04T13:53:34+02:00,17f7cc7c358fdb722fde3e8253740ce342a2896f50122123f9f26853e83b80a6,,22,page,consulting deliverable,SCC,sustainability / circular economy; brand / marketing; operations / procurement,medium,client analysis and recommendations,,180 DEGREES CONSULTING Report template version 1.1 FINAL REPORT SOUTHERN CROSS CARE Inc. [180 Degrees Consulting: Delft-Rotterdam Branch] 23/02/2023 180 Degrees Consulting 2 CONSULTANT PROFILES KOPPANY HAJDO Consulting Director ARSHIA REZAEEHAI JAVADI Team Leader PRAGUN SRIVASTAVA Consultant JASMINE ZHENG Consultant BERNARDO HENRIQUES Consultant MARIA PREDESCU Consultant JESSNA PAKZAD Consultant ARSHIA REZAEEHAI JAVADI Consultant 180 Degrees Consulting 3 CONTENTS CONSULTANT PROFILES .............................................................................. 2 EXECUTIVE SUMMARY ................................................................................. 4 CONTEXT & OBJECTIVES .............................................................................. 5 THE CLIENT MISSION ............................................................................................ 5 CURRENT CHALLENGES ....................................................................................... 5 INTERNAL & EXTERNAL ANALYSIS ............................................................... 6 BENCHMARK & COMPLIANCE ANALYSIS ....................................................... 9 EQUIPMENT .......................................................................................................... 9 SUPPLIERS .......................................................................................................... 10 PACKAGING ........................................................................................................ 11 CENTRALIZED MODEL ........................................................................................ 14 ON-SITE MODEL ................................................................................................. 17 IMPLEMENTATION PLAN ............................................................................. 20 DISCLAIMER ................................................................................................ 21 180 DEGREES CONSULTING ..
DOC-031,C:\Users\User\Desktop\180 deliverables\180DC_X_Share-Deliverable1.pdf,180DC_X_Share-Deliverable1.pdf,.pdf,15068916,2026-07-04T13:47:02+02:00,78c51a0d4e54241b803a6a81559e40ac32d974c9898e3293b0366fa86c782817,,43,page,consulting deliverable,Share,sustainability / circular economy; market research / growth; strategy,high,commercial/financial data; client analysis and recommendations,,"09 March 20221stDeliverable Creating a Market Entry Strategy for the Dutch Market 180 DEGREES CONSULTING 2 OVERVIEW EXECUTIVE SUMMARY PARTNERS-Share’s partners include food banks, hunger fighters, and other social partners-Relevant customer profiles in the Netherlands include: Modern and pragmatic over 50s, well informed modern consumers, modern younger families, and lower/middle class socializersPRICE-Naturally, the price for Share Products is higher than its competitors-Prices in the Netherlands for comparable products are higher than in Germany MARKET ANALYSIS-4,000+ possible points of sales, Dutch market status -The Dutch market is very resilient-Sustainable food is a trend-Consumers tend to buy cruelty free and vegan friendly cosmetics with natural ingredients PRODUCT-General Consumer Goods:Food, Beverages, Skin Care, Shower Gel, Soap, Deodorant and clothing-Best perceived products are dominated by personal care products 180 DEGREES CONSULTING 3 Differentiation & PartnersProduct Portfolio & InsightsMarket Analysis Introduction Action Plan for Deliverable 2 Executive Summary TODAY’SAGENDA 4180 DEGREES CONSULTING Consulting DirectorALEXANDRE RIENTJES ConsultantBRAM VAN KEULENConsultantCHIARA NERIConsultantMAX RAUSCH ConsultantPAULA VAN DEN BRINKTIM FISCHMANNYOUSSEF FARAHConsultantConsultantTeam LeadNAMORY LAMML MEET OUR TEAM INTRODUCTION TO SHARE"
DOC-032,C:\Users\User\Desktop\180 deliverables\180DCXShare-Third_Deliverable.pdf,180DCXShare-Third_Deliverable.pdf,.pdf,2556685,2026-07-04T13:47:06+02:00,5db641c30152b3269f4d205c566136576c14f0f9f5eab46c31ee9f479f8fa0ee,,40,page,consulting deliverable,Share,market research / growth; business plan / financial; digital / product,high,commercial/financial data; client analysis and recommendations,,02 June 20223rdDeliverableCreating a Market Entry Strategy for the Dutch Market 2180 DEGREES CONSULTING Consulting DirectorALEXANDRE RIENTJES ConsultantBRAM VAN KEULENConsultantCHIARA NERIConsultantMAX RAUSCH ConsultantPAULA VAN DEN BRINKTIM FISCHMANNYOUSSEF FARAHConsultantConsultantTeam LeadNAMORY LAMML MEET OUR TEAM 180 DEGREES CONSULTING 3 Sales ChannelProductSelection& Pricing Executive Summary TODAY’SAGENDA 180 DEGREES CONSULTING 4 Executive SummaryExecutive Summary | Sales Channels | Product Selection & Pricing Stores to enter the Dutch market ›Albert Heijn›Jumbo›PicNic›Flink›Zapp Physical + OnlinePhyisical+ OnlineOnlineFlash DeliveryFlash Delivery Products to enter the Dutch Market and recommended MSRP Range ›Chocolate›Dark Chocolate›PralinéMilk Cream›Vegan Nougat›Milk Cream›Study Mix & Nut Cubes ›Hand Cream ›Shower Gel ›Study Mix Sour Cherry›Nut Cubes Crunch & Chocolate›Grapefruit & Lemon ›Orange blossom & White tea ›Lime & Coriander›Almond Oil & Sandalwood ›€ 1.78 –2.40›€ 1.88 –2.55 ›€ 2.68 –3.67 ›€2.31-3.03›Shower Bar›Lime & Lemongrass ›€ 3.46 –3.21 Sales Channels
DOC-033,C:\Users\User\Desktop\180 deliverables\180DCXShare_Deliverable_2.pdf,180DCXShare_Deliverable_2.pdf,.pdf,5890523,2026-07-04T13:47:04+02:00,03af812babe18b7db4790d30f1df78220a41c240de6f4aaba976a38f9a47213d,,45,page,consulting deliverable,Share,sustainability / circular economy; market research / growth; brand / marketing,high,commercial/financial data; client analysis and recommendations,,"25 April 20222ndDeliverable Creating a Market Entry Strategy for the Dutch Market 2180 DEGREES CONSULTING Consulting DirectorALEXANDRE RIENTJES ConsultantBRAM VAN KEULENConsultantCHIARA NERIConsultantMAX RAUSCH ConsultantPAULA VAN DEN BRINKTIM FISCHMANNYOUSSEF FARAHConsultantConsultantTeam LeadNAMORY LAMML MEET OUR TEAM 180 DEGREES CONSULTING 3 Sales Channel AnalysisCompetition AnalysisPreliminary Survey Results Executive Summary TODAY’SAGENDA 180 DEGREES CONSULTING 4 Executive Summary (1/2)›Customer segments between Germany and the Netherlands are somewhat comparable, however, the willingness to pay a premium for products with a (sustainable) impact is lower among Dutch people›Online shopping and Sustainability are trending in the Dutch market but to be a successful, sustainable brand transparency can be the key›The Dutch online market for grocery shopping is growing and relatively larger in Germany›Flash delivery services are new players in a growing market; Opposing regulations and missing profitability could hinder their growth however›Until now 27% of people between 18 and 34 have used flashed delivery services already and mainly use it for buying snacks, beverages, and fruits/vegetables›Flinkand Zappcould be the most attractive potential flash delivery partners for share Executive Summary | Sales Channel Analysis | Competition Analysis | Preliminary Survey Results 180 DEGREES CONSULTING 5 Executive Summary (2/2)›In physical retail stores, the most prominent brands are for-profit companies, which creates a potential market gap for share›Even among other innovative companies, share’s proposition is a unique asset›In-store promotions include around 5% of the products offered and mainly are price reductions or 2-for-1 offers›Alike Germany, nut bars could become the best-selling products in the food category, however, the focus in personal care might be on shampoo rather than hand soap›The 1+1 principle seems to we well perceived by customers with “Doing Good” bein"
DOC-034,C:\Users\User\Desktop\180 deliverables\180DCXV_L-Online_Brand_Development.pdf,180DCXV_L-Online_Brand_Development.pdf,.pdf,915062,2026-07-04T13:42:06+02:00,d661f055d08eaeb6edecf0d9b517a50eb65a7e8ba29744167a3953877553bb4f,,32,page,unclear/review,DCXV L Online Brand Development,market research / growth; brand / marketing; digital / product,medium,commercial/financial data,,"180 DEGREES CONSULTING Online Brand Development Vet&Lazy 180DC Delft Rotterdam 31/05/2022 180 Degrees Consulting 2 Table of Contents FACEBOOK 3 INSTAGRAM 9 GOOGLE 18 UNTAPPD APP FOR BUSINESS 20 GROUPON 21 TRIP ADVISOR 23 LINKTREE 26 180 Degrees Consulting 3 FACEBOOK Vet and Lazy currently has a FaceBook page already set-up, with around 1500 followers. In order to boost engagement and strengthen presence within this platform, V&L can pursue the following steps and tips without any cost. Getting set up 1. Click on the create button at the top of the page – next to your photo icon in the top right corner 2. Under create, click on “Page” 3. Select “Business or Brand” and click “Get Started” Once you’ve set up the page, there are a few key pieces that are also important to complete. Short Description This is the first thing people will read when they come to your page. Include a short statement about what makes Vet & Lazy unique as well as its story and then a call to action with why someone should like your page. This is important as a lot of people on Facebook are just browsing and if you don’t explicitly ask them to like your page, they’ll look around without ever doing so. For e.g. like for more content regarding …. And daily updates Web Page Link it up to your website. You want to make it easy for people to get to your site and get more information about you and what you’re up to. 180 Degrees Consulting 4 Cover Photo Your cover photo is a great place to tell your brand’s story with an image. Pictures from recent events, your artwork, or banners about campaigns you’re involved in are all good choices. Linking to their other Social Media Accounts in the description so people can easily follow them on whatever their favorite platform is. What to post? Great content to share includes ● Pictures and Videos from your Brewery or Event you’ve attended ● Messages about brewing beer ● Notifications on Events (on or off premise) ● Anything going on in your brewery’s local comm"
DOC-035,C:\Users\User\Desktop\180 deliverables\180DCXV_L-Third_Deliverable.pptx,180DCXV_L-Third_Deliverable.pptx,.pptx,12537949,2026-07-04T13:42:12+02:00,19892217c5003dfcddcdf6fc75ad0c64d6c4388027ba434adf230f60f0ac1365,,44,slide,consulting deliverable,DCXV L Third Deliverable,sustainability / circular economy; market research / growth; brand / marketing,medium,client analysis and recommendations,PowerPoint Presentation,1 2 3 Recommendations for different Channels Summary Recap of Second Deliverable Agenda Consulting Director ALEXANDRE RIENTJES Team Leader HINRIK MÜLDERS Consultant EVA FILIPAN Consultant ERIC JACOB Consultant SIDDHARTH MYNENI Consultant MARIUS RIEDEL Consultant SOFIA WEYDT Meet our Team Project Outlook Get to Know the Team Overview of Project Deliverables PROJECT INITIATION February 14 Understanding of Vet & Lazy and its resources Market Analysis C ustomer buying process ANALYSIS OF INTERNAL & EXTERNAL ENVIRONMENT March 18 Understanding of Vet&Lazy’s customers Analysis of main Online marketing channels EARLY RESULTS & FINDINGS April 25 Development of online brand strategy for Vet& Lazy Implementation plan FINAL PRESENTATION Mai 31 Recap of Second Deliverable
DOC-036,C:\Users\User\Desktop\180 deliverables\1st Deliverable - FlexSea (2).pdf,1st Deliverable - FlexSea (2).pdf,.pdf,2284688,2026-07-04T13:46:44+02:00,577cbabff49a827afbb593ab8df510f0ba6c82ccad07b4b3090ed93a26722f7a,,31,page,consulting deliverable,FlexSea,market research / growth; operations / procurement,medium,client analysis and recommendations,1st Deliverable - FlexSea,September 2016 25th March 20221ST DELIVERABLE: INDUSTRY ECOSYSTEM ANAL YSIS FLEXSEA AGENDA 180 DEGREES CONSULTING 3 AGENDA 1 Meet the T eam 2 Problem Statement & Research Scope 3 Research Process 4 Research Analysis 5 6 7 Conclusions Next Steps Q&A Partner Analysis Competitor Analysis Customer Analysis MEET THE TEAM 180 DEGREES CONSULTING 5 MEET THE TEAM Javier Serrano Katarina Filipas Emma Bockholdt Alessandro Pozzetto Finn Scheff Rima Arab Martino Giobbio
DOC-037,C:\Users\User\Desktop\180 deliverables\1st Deliverable_EcoCity.pptx,1st Deliverable_EcoCity.pptx,.pptx,3468257,2026-07-04T13:45:16+02:00,8e3c7f7cac9ff7e8ac78c94a27c29f7ddfdaaf438e2f152887415c6e6978bda2,,17,slide,consulting deliverable,EcoCity,sustainability / circular economy; market research / growth; operations / procurement,high,commercial/financial data; client analysis and recommendations,PowerPoint Presentation,"ECOCITY x 180DC 1 st Deliverable 22/03/2022 Suggested uses: Competitor analysis, Market analysis CONTENT 1 INTRODUCTION 3 TECHNICAL SIDE 2 BUSINESS SIDE 4 NEXT STEPS Meet our team Team Leader Edoardo Avogadro Consultant Annika Reim Consultant Chandusha Thati Consultant Filip Stamm Consultant Angelina Yarmosh Introduction Business Side Next Steps Technical Side BSc International Business Administration BSc International Business Administration MSc Global Business & Sustainability MSc Transport Infrastructure & Logistics MSc Complex Systems Engineering and Management ECOCITY Target: build 2500 housing units in Zambia by 2022 Ecocity is looking for a funding of $37.5m Product: affordable and sustainable housing blocks in the form of stacked shipping containers ​ Model: Rent -to- own Existing problem: African urban ~ 20.4€ m housing deficit Developments are overpriced with minimum cost 65 K€ VS 9K€ EcoCity Introduction Business Side Next Steps Technical Side Stakeholders Introduction Business Side Next Steps Technical Side"
DOC-038,C:\Users\User\Desktop\180 deliverables\1st Deliverable_Internal & External Analysis_180DC (2).pdf,1st Deliverable_Internal & External Analysis_180DC (2).pdf,.pdf,1416079,2026-07-04T13:53:26+02:00,bc4a17894713a46fcbe5747f17aac88a2114893fab89a6827dc807eea9a6c4e2,,16,page,unclear/review,SCC,sustainability / circular economy; brand / marketing; operations / procurement,low/unknown,manual review required,,"Internal & External Analysis1stDeliverable11.11.2022 2180 DEGREES CONSULTING MEET OUR GREAT TEAM Consulting DirectorKoppanyHajoTeam LeaderPascal Winterhalder ConsultantArshia RezaeehaiJavadiConsultantBernandoHenriquesConsultantJasmine Zheng ConsultantJessnaPakzadConsultantMaria PredescuConsultantPragunSrivastava 180 DEGREES CONSULTING 3 EXECUTIVE SUMMARYIMPACTWebelievethetransitionwillbringpositiveimpact,•Basedoninternalfactors:•Customisability•Agility•Brand•Control•Waste •Basedonexternalfactors:•Suppliermodel•Longtermcost•Economicsenvironment•Employment BACKGROUNDSouthernCrossCareAustraliahasbeenfocusingonsupportingtheagedcommunitywithanchoronqualityoflife.AsapartofinitiativesofprovidingbakeryproductstailoredtothehealthandpreferencesoftheresidentsintheSouthAustraliaregion,SCCisinneedofanin-housebakerymodelbestfittedforSCC’sgoalsandresources. FUTUREOUTLOOKWewilltakethefollowingstepstorecommendcomprehensivein-housebakerymodelmostsuitedforSCC’scurrentstandingandfuturepotentials.Thenextstepstoimplementthemodelwillalsobeproposetodeliverconcreteresultofourrecommendations•Comparison•Keyfactors PROBLEMSTRUCTURETodevelopthemodel,keyconsiderationsofbothSCCandresidentswillbeanalysed.BestpracticesforSCCindistribution,productionandsourcingwillberecommended,consideringkeycriteria.Furthermore,benefitsforresidentswillbeexploredtofullyunderstandthevalidityandimpactofthetransition. •FinalRecommendation•ImplementationPlan AnefficientIn-housemodeltosupporthealthybakeryproductsforresidentsinSCC'sSouthAustraliaresidence 180 DEGREES CONSULTING 4 AGENDA 01Description of the current situationOPPORTUNITY 02Defining the opportunityOPPORTUNITY STRUCTURE 03Impact of an in-house bakeryIMPACT 04What to expectFUTURE OUTLOOK 180 DEGREES CONSULTING 5 01OPPORTUNITYDescription of the current situation Opportunity| Opportunity Structure | Impact | Future Outlook"
DOC-039,C:\Users\User\Desktop\180 deliverables\1st_deliverable.pptx,1st_deliverable.pptx,.pptx,5965303,2026-07-04T13:46:32+02:00,7927a2542dd59ef911f074a8e67e7d5e9eeef47a3e357ab9761d8f14b92892b4,,27,slide,consulting deliverable,st deliverable,market research / growth; digital / product,medium,client analysis and recommendations,,SUGGESTED USES: EXPANSION Deliverable 1 Lanefyld 01/04/2022 Meet the team Intro | Problem Overview | Approach | Questions | Insights | Next Steps Presentation O utline Problem Outline Approach Questions First Insights Next steps Intro | Problem Overview | Approach | Questions | Insights | Next Steps Problem outline Key Points Lanefyld “The ‘Tesla’ of the rollator market” Preventing falling accidents Reduce healthcare costs Improve mobility Smart technology & data sharing Automatic braking Fall prevention Functionality and aesthetics should go hand in han d Beautiful design 01 02 03 7 04 Intro | Problem Overview | Approach | Questions | Insights | Next Steps
DOC-040,C:\Users\User\Desktop\180 deliverables\20220218_Final_Presentation_Usiko.pdf,20220218_Final_Presentation_Usiko.pdf,.pdf,107916756,2026-07-04T13:45:04+02:00,df2a63c007a5cdd6270a451e40d578ac2a081eea777aafe40f5f223e94fcf847,,41,page,consulting deliverable,Usiko,sustainability / circular economy; operations / procurement,medium,client analysis and recommendations,,Presentation of deliverables | Usiko Consulting Project1 2 Antoni SamerekInternational Economics & Business Economics Rebecca HoogendoornInternational Management / CEMS Global Business & Sustainability Fabian Engelsman Finn ScheffGlobal Business & Sustainability Iñaki SarróIndustrial Engineering & Economics | Usiko Consulting Project Angelina YarmoshInternational Business Administration 3 Agenda 3| Usiko Consulting Project 01UsikoTemplate ReportM&E Framework Final Report 02030405Process Handouts 4 Who is Usiko? 4| Usiko Consulting Project 01UsikoTemplate ReportM&E Framework Final Report 02030405Process Handouts | Usiko Consulting Project5 Defining the pillars of Usiko1 Wilderness TherapyMentoringEducation & Skills Development 2 3 Helping the Community through Positive Youth Development
DOC-041,C:\Users\User\Desktop\180 deliverables\202407_Stir It Up X 180 DC_Final Report_vF.pdf,202407_Stir It Up X 180 DC_Final Report_vF.pdf,.pdf,1356067,2026-07-04T13:58:20+02:00,61c302dce833f080c6ee489c5a444e27463d8367722f096bf22045137112815d,,26,page,unclear/review,Stir It Up,market research / growth; brand / marketing; business plan / financial,low/unknown,manual review required,,"180 DEGREES CONSULTING B2B & Online Presence Strategies 180 Degrees Consulting Delft-Rotterdam Stir It Up July 2024 180 Degrees Consulting 2 CONSULTANT TEAM TEAM LEADER TEAM LEADER CONSULTANT NAME CONSULTANT CONSULTANT NAME CONSULTANT CONSULTANT NAME CONSULTANT CONSULTANT NAME CONSULTANT CONSULTING DIRECTOR CONSULTANT CONSULTING DIRECTOR CONSULTING DIRECTOR 180 Degrees Consulting 3 CONTENTS CONSULTANT TEAM ...................................................................................... 2 EXECUTIVE SUMMARY ................................................................................... 4 CONTEXT, OBJECTIVES & SCOPE ................................................................... 6 ABOUT STIR IT UP .................................................................................................. 6 CURRENT SITUATIOn & project objectives ............................................................. 6 Outtline & Scope ..................................................................................................... 6 COMPETITIVE LANDSCAPE ............................................................................ 8 economic overview .................................................................................................. 8 Market segments .................................................................................................... 8 Market players ....................................................................................................... 10 Product analysis .................................................................................................... 12 B2B STRATEGY ............................................................................................ 13 Segments assessment ........................................................................................... 13 Key recommendation - B2C marketing ................................................................. 15 IMPLEMENTATION PLAN ..........................."
DOC-042,C:\Users\User\Desktop\180 deliverables\202407_Stir It Up X 180DC_ppt.pdf,202407_Stir It Up X 180DC_ppt.pdf,.pdf,17835296,2026-07-04T13:58:16+02:00,cd086e309773612aa3904cfb7696fd1d5366e349cf64f7059a9cde68ddf296ba,,96,page,consulting deliverable,Stir It Up,market research / growth; brand / marketing; business plan / financial,medium,client analysis and recommendations,,"Stir It Up X 180 Degrees ConsultingB2B & Online Presence StrategiesFinal Report 180 DEGREES CONSULTING 2 01IntroductionBackground of the project and our approach. 02Economic OverviewAnalysis of macro-trends in interest, income, and spending. 03Industry OverviewOverview of segments and main competitors. 04Product AnalysisPosition of Stir It Up relative to market standards. 05B2B StrategySegment analyses and recommended approach. Topics 06E-commerce opportunitiesSelected opportunities and competitor benchmarks. 07Online presence strategySocial media strategy & SEO 01 Introduction 180 DEGREES CONSULTING 4 We Have The Following Understanding Of Stir It UpCompany introduction Stir It Up was in 2022 and entered the market mostly in the following year. The company specializes in ready-to-serve (RTS) bottles cocktails and currently offers 8 flavors in 2 sizes. ’22’23 Stir It Up mainly targets events and offers multiple services; from supplying its RTS cocktails to providing bartenders and supplies. Business model & resultsAt events, Stir It Up can operate 2 business models; selling an agreed upon number of RTS cocktails to the event organizer or running sales itself. Additions to the business model through e.g., minimum sales targets or profit-sharing have been discussed. Up to date, Stir It Up achieved revenues of roughly €20,000, with the vast majority (≈80%) coming from running sales itself.€20K Client profile The company can serve event venues, hospitality businesses, corporate events etc. Some clients have engaged with Stir It Up’s services more than once . Selection of former clients: 180 DEGREES CONSULTING 5 Project goal Current situation ManyofStirItUp’scurrentclientrelationshipsarebasedonone-timeevents,causinglargefluctuationsinthenumberofeventsStirItUpserveswithinagivenperiod. MostofStirItUp’sbusinessiscurrentlybeingacquiredthroughthepersonalnetworkoftheStirItUpteam. Currently,theonlinepresenceofStirItUp’sislimitedtoitswebsiteandInstagrampage,thoughnoonlinestrateg"
DOC-043,C:\Users\User\Desktop\180 deliverables\23plusone Project Brief - Members.pdf,23plusone Project Brief - Members.pdf,.pdf,224816,2026-07-04T13:33:40+02:00,7c5516c3922cdadc4c7c7efb88dd4cbb25ef66ef3a07a94840aa594c21f9ce9f,,4,page,proposal/brief,23plusone,sustainability / circular economy; market research / growth; brand / marketing,medium,scope/internal planning,Microsoft Word - 23plusone Project Brief - Members,"180 Degrees Consulting Project Brief — The 23plusone Collective PROJECT SCOPE - MEMBERS Organizational Background: The 23plusone Collective is a community of professionals inspiring, shaping, and impacting people and organizations through its scientific method. The collective’s goal is to build a community of change makers through connection, positive action, and mutual inspiration. They do this through their network of experts and workshops catered to unleashing the emotional drivers of individuals and organizations. The three driving forces behind the members are: leading from the heart, moving as one, and shaping what’s next. Over the years, they have developed a deck of cards that help people identify what emotional factors motivate them to better create a sustainable and positive future. Project Brief: The 23plusone Collective has established a new strategy with the key goals of increasing thought leadership, visibility, and community. With a limited amount of hours from members, implementing these strategies can be daunting and difficult without clear execution plans. To support them, 180 Degrees Consulting Delft-Rotterdam will perform a number of tasks, including market and target member analysis, as well as compose concrete outreach plans to attract new members and experts. To kick off the project, the team will dive into The 23plusone Collective and everything they stand for and offer. This will help the student consultants to better express and utilize 23plusone’s true qualities and aspirations in all subsequent sections. Once this has been completed, an assessment of current members will be done. This will allow the team to clearly see what attracts people to the collective as well as how future strategies can make sure to retain the current members while also increasing new membership. After these initial steps, the team will begin with a market analysis. This market analysis will cover the industries in which 23plusone lies, broadly professional and org"
DOC-044,C:\Users\User\Desktop\180 deliverables\23plusone_x_180DC_Service_Agreement.pdf,23plusone_x_180DC_Service_Agreement.pdf,.pdf,388309,2026-07-04T13:34:04+02:00,1122020bd18f7adb2b6f1acd6d832116746858f0d0ab74c4c7ab166c337485ba,,10,page,contract/agreement,23plusone,brand / marketing; strategy,high,legal terms/signatures; commercial/financial data,23plusone x 180DC Service Agreement,"Date: 12 / 02 / 2026 180 Degrees Consulting Delft-Rotterdam Foundation (KVK 74037587) and The 23plusone Collective (KVK 92732585) SERVICES AGREEMENT 1 180d0001_10273_048.docx Docusign Envelope ID: 093AAE22-3F9C-4935-B480-576D3763C342 THIS AGREEMENT is made on 12 / 02 / 2026 BETWEEN : 1. 180 Degrees Consulting Delft-Rotterdam Foundation (KVK 74037587) of Honingerdijk 71A01, 3063AK, Rotterdam (“the Branch ”); and 2. The 23plusone Collective (KVK 92732585) of Fred. Roeskestraat 115, 1076EE, Amsterdam (“the Client ”), each a “ Party ” and together the “ Parties ”. RECITALS : A. The Client has engaged the Branch to provide the Services to the Client in consideration for the payment by the Client to either the Branch or the Nominee of the Service Fee in accordance with the terms of this agreement. IT IS AGREED AS FOLLOWS : 1. DEFINITIONS AND INTERPRETATION 1.1. Definitions In this agreement: 180 Degrees Consulting Global means 180 Degrees Consulting Limited (ACN 155 496 987). 180 Degrees Entities means 180 Degrees Consulting Global and its individual branches, licensees, franchisees, and affiliates (both in Australia and internationally), 180 Degrees Consulting US NFP (employer identification number 46-5092877) or a Related Entity of 180 Degrees Consulting Global. 180 Degrees Group means the Branch, 180 Degrees Consulting Global, and the 180 Degrees Entities. Claims means any and all actual or contingent claim, notice, demand, dispute, suit, action, potential cause of action, right, obligation, demand, proceeding, litigation, investigation, judgment, damage, loss, cost, payment, expense or liability however arising, whether present, 2 180d0001_10273_048.docx Docusign Envelope ID: 093AAE22-3F9C-4935-B480-576D3763C342 unascertained, immediate, future or contingent, whether based in contract, tort, at law, in equity or statute, and whether involving a third party or a party to this agreement, including, without limitation, claims arising out of or relating to, or in any way "
DOC-045,C:\Users\User\Desktop\180 deliverables\2nd Deliverable1_Ecocity.pptx,2nd Deliverable1_Ecocity.pptx,.pptx,4808799,2026-07-04T13:45:18+02:00,e831fdb99c7e99c5f325d2d1782939d691ff57a2fa866bdbaf77fbab7881e660,,19,slide,consulting deliverable,EcoCity,sustainability / circular economy; market research / growth; operations / procurement,high,commercial/financial data; client analysis and recommendations,PowerPoint Presentation,"ECOCITY x 180DC 2 nd Deliverable 03/05/2022 Suggested uses: Competitor analysis, Market analysis CONTENT 4 COMPETITOR ANALYSIS 1 SUSTAINABILITY 5 INVESTOR ANALYSIS 3 FINANCIAL MODEL 6 RISK ANALYSIS 2 TARGET AUDIENCE 7 OVERVIEW Meet our team Team Leader Edoardo Avogadro Consultant Annika Reim Consultant Chandusha Thati Consultant Filip Stamm Consultant Angelina Yarmosh BSc International Business Administration International BSc in Economics and Business Economics MSc Global Business & Sustainability MSc Transport Infrastructure & Logistics MSc Complex Systems Engineering and Management S ustainability Does ISBU( Intermodal Steel Building Unit) impact the environment ? Due to their simple design, solar panels and insulation are suitable. Eco-friendly boost Fewer building materials is required, saving precious natural resources. Cement is the source of about 8% of the world's CO2 emissions [1] Less material usage Containers’ lifespan is of 12 years and most spend much of this time unused [2]. These are collected increasing waste. Reusable Container homes produces enough renewable energy to meet its own annual energy consumption requirements[4] Net Zero Sustainability Target Audience Competitor Analysis Financial Model Investor Analysis Risk Analysis Overview S USTAINABILITY Does ISBU impact the environment ? ​ Traditional buildings generate nearly 40% of annual global Co2 emissions (28%- Building operations and 11%- Materials and Construction)[5] Carbon footprint Around 57,000 tonnes of Co2 emissions is saved by not using various traditional construction materials.[3] Saved With the conversations about the crisis and affordability in housing starts, it is certainly possible that shipping container houses will become the future housing option. [6] Future Sustainability Target Audience Competitor Analysis Financial Model Investor Analysis Risk Analysis Overview"
DOC-046,C:\Users\User\Desktop\180 deliverables\3_Final_Report.pdf,3_Final_Report.pdf,.pdf,239302,2026-07-04T13:51:24+02:00,14b8bde977a2715bca91389bc18128abf08e9a66d8630066e02ad44a8d7e8f77,,33,page,consulting deliverable,Final Report,market research / growth; fundraising / partnerships; operations / procurement,medium,client analysis and recommendations,3_Final_Report,180 DEGREES CONSULTING Final Report TU Delft Branch The Funding Lab- International Fundraising Consultancy 16/06/2019 CONTENTS CONTEXT & OBJECTIVES ................................................................................ 3 THE CLIENT MISSION ............................................................................................. 3 CURRENT CHALLENGES ........................................................................................ 3 COMPETITOR ANALYSIS ................................................................................ 5 IMPACT ................................................................................................................... 7 KEYWORD & AD STRATEGY ........................................................................... 8 IMPACT ................................................................................................................... 8 IMPLEMENTATION ................................................................................................. 8 DRIVING CONVERSIONS VIA THE LANDING PAGE ........................................ 12 IMPACT ................................................................................................................. 12 CONVERSION IMPLEMENTATION STRATEGY .................................................... 12 LANDING PAGE IMPLEMENTATION STRATEGY ................................................. 15 FACILITATING ACCOUNT MANAGEMENT ..................................................... 20 IMPACT ................................................................................................................. 20 Usage of Scripts .......................................................................................................... 20 Onboarding New Clients with Structured Questionnaire ............................................ 21 SECTIONS ............................................................................................................. 21 USAGE .................
DOC-047,C:\Users\User\Desktop\180 deliverables\3_Third_Deliverable_Presentation.pdf,3_Third_Deliverable_Presentation.pdf,.pdf,1272943,2026-07-04T13:51:34+02:00,2da91f761f36959b18bbb8af98d8a50b428025f514040c7cc3d1f98c8631147d,,31,page,unclear/review,Third Deliverable Presentation,market research / growth; fundraising / partnerships; business plan / financial,medium,commercial/financial data,Microsoft PowerPoint - Final presentation,"180 DEGREES CONSULTING2 Problem Statement Google GrantCharities 180 DEGREES CONSULTING3 Current State of The Market$2 per click as of January, 2013Non profits under-spend their budget, with an average recipient spending approximately $330 a month (out of $10,000)60% of websites don’t use any type of Analytics tracking, and that the number is even higher for nonprofits.•Too commercial•Privacy problems•Lack of resources [1] Corrado (2017)[2] Shariff (2012) 180 DEGREES CONSULTING4 OutlineKeyword & Ad OptimizationConversion & Landing pagesThe Funding Lab analysisFuture TimelineAccount ManagementCompetitor Analysis 180 DEGREES CONSULTING5 COMPETITIVE LANDSCAPE RESEARCHClient SizeAmount of Clients MentionedExtra ServicesLocation of HeadquartersPricingFocus on charities onlyCompetition in Europe"
DOC-048,C:\Users\User\Desktop\180 deliverables\3rd Real third deliverable (2).pptx,3rd Real third deliverable (2).pptx,.pptx,18818250,2026-07-04T13:45:22+02:00,9f154c80c449aae6db3fecb0b9a83e733a35e37406b8a650e483388a90f740fa,,47,slide,consulting deliverable,EcoCity,sustainability / circular economy; market research / growth; fundraising / partnerships,high,commercial/financial data; client analysis and recommendations,PowerPoint Presentation,"ECOCITY x 180DC 3 rd Deliverable 16/06/2022 Suggested uses: Competitor analysis, Market analysis Meet our team Team Leader Edoardo Avogadro Consultant Annika Reim Consultant Chandusha Thati Consultant Filip Stamm Consultant Angelina Yarmosh BSc International Business Administration International BSc in Economics and Business Economics MSc Global Business & Sustainability MSc Transport Infrastructure & Logistics MSc Complex Systems Engineering and Management CONTENT Investor Analysis Slides Deck Final Recommandations Blablabla Challenge Solution Competitors Financial model SWOT Slides Comparison Conclusions Investor Analysis Our top picks for investors Where to direct your attention? Country of Origin Assets under management/investment Sustainability focused? Real estate focused? Invested in Africa? Invested in Zambia? InfraCo Africa UK Invested $165 million in sustainable projects Yes, mainly social sustainability Heriot REIT South Africa Property portfolio valued at $277 million No concrete sustainability focus Actis UK $19 billion of assets under management High, acts to invest in a net zero world Vital Capital Cyprus $350 million private equity fund Yes, in the provision of food, water, healthcare, and infrastructure. Triple Jump Dutch $100 million Sustainable energy and agricultural finance."
DOC-049,C:\Users\User\Desktop\180 deliverables\3rd_Deliverable_BCP_180DC.pptx,3rd_Deliverable_BCP_180DC.pptx,.pptx,5889483,2026-07-04T13:43:32+02:00,a0366f8c686e3ed0d094b4e409658eb0bd0e3ded91721c28b1a3f5ed27757d3b,,35,slide,consulting deliverable,BCP,fundraising / partnerships; business plan / financial; organization / governance,high,commercial/financial data; client analysis and recommendations,,"A woman in Zambia What are the challenges an entrepreneur faces in rural Zambia and how can BCP help? Alice 30 year old female Lives in rural Zambia (Mwanya) Great small business potential NO FINANCIAL MEANS 01 CONSTRAINED ACCESS TO TRADITIONAL BANKING 02 LIMITED TRUST AND SUPPORT TO RURAL PROJECTS 04 NO KNOWLEDGE ON HOW TO PROCEED 03 CHALLENGE CHALLENGE CHALLENGE CHALLENGE Final Deliverable BCP 03.02.2022 SUGGESTED USES: FUNDRAISING, FINANCE Agenda Microfinance Definition Microfinance vs Microcredit Differences Capacity Building Background & Overview User journey Grants & Loans RIFF Project ADA Way forward Roadmap MEET OUR TEAM Sara Vaccari +393332842060 sv.sarvac@gmail.com Consultant Team Leader Alexis Freytag +491626755020 alexis-freytag@web.de Consultant Maria Bravo da Fonseca +351933875802 maria.bravodafonseca@gmail.com Consultant Matteo Avitable +31683850359 avi.matteo02@gmail.com Consultant Gustavo Alvarez +34675461548 gustavoalvarezfdez@gmail.com Consultant Sacha Reus +31630776415 sachareus@hotmail.com Micro- Finance"
DOC-050,C:\Users\User\Desktop\180 deliverables\8Energies Project Brief.pdf,8Energies Project Brief.pdf,.pdf,269891,2026-07-04T13:31:56+02:00,7ed651428558d6900a5f9b53ac751d3530c92626cd55ebfe0ec48cc8b9ac9f18,,5,page,proposal/brief,8Energies,sustainability / circular economy; fundraising / partnerships; operations / procurement,medium,scope/internal planning,8Energies Project Brief - Google Docs,"180 Degrees Consulting Project Brief — 8Energies PROJECT SCOPE Organizational Background: 8Energies is a European energy storage company focused on developing, building, and operating large-scale battery energy storage systems (BESS). The company addresses the growing need for ﬂexibility in the electricity system as a key enabler of the energy transition and contributes to increasing the reliability and resilience of the European power grid. With a strong focus on streamlined project development, operational excellence, and commercial optimization of storage assets, 8Energies aims to build one of the fastest and leanest BESS development platforms in Europe. A key strategic theme for the company is the integration of BESS with renewable assets, especially photovoltaic (PV) parks, through co-located storage concepts, as explored in its work on co-located (grey) energy storage systems. Building on this foundation, 8Energies is now exploring how co-located green power storage (i.e., storage charged with renewable electricity) compares ﬁnancially to conventional “grey power” storage, and how such conﬁgurations can enhance the economic performance of PV assets. Project Brief: 8Energies seeks to assess the ﬁnancial viability and strategic attractiveness of co-located green power battery energy storage systems (BESS) compared to conventional grey power storage systems. In parallel, the company wants to quantify how co-located storage can increase the internal rate of return (IRR) of existing and new PV parks, and under which conditions this value uplift is maximized. A core element of the project is to analyze and compare diﬀerent collaboration models between PV park operators and BESS developers, such as: ● Shared or carved-out grid connection infrastructure, ● Grid connection or substation usage fees, ● Lease models, proﬁt-sharing arrangements, and CAPEX- or OPEX-based structures. For 16 weeks, the team will support 8Energies by developing a structured ﬁnancial and strate"
DOC-051,C:\Users\User\Desktop\180 deliverables\_180 DC - iGiver Pitch Deliverable 3.pptx,_180 DC - iGiver Pitch Deliverable 3.pptx,.pptx,9078966,2026-07-04T13:54:24+02:00,df498dffcb0ec38db74294c2f688d2414c99ca825fba18f5582760531c14e932,,18,slide,consulting deliverable,iGiver,market research / growth; fundraising / partnerships; organization / governance,medium,client analysis and recommendations,,"180 DC Team February , 202 4 X DELIVERABLE- 3 OVERVIEW FOR THE MEETING Agenda of the presentation. Meet the team and overview INTRODUCTION 01 Specifics of the market INDIAN DEMOGRAPHIC 02 Ideas for iGiver COPY IDEAS 04 Current trends in NGO space CURRENT STRATEGIES 03 Takeaways for deliverable 3 SUMMARY 05 MEET OUR TEAM Consulting Director SRITEJA DEVARAKONDA Consultant BEN WIESCHHOFF Consultant FILIP MITSKE Consultant MARIE BODSON Team Lead KARINA KHRISTICH Consultant NICHOLAS CHOE Consultant PRAAGYA GOYAL Consultant ROKO LAZIC INDIAN DEMOGRAPHIC UNDERSTANDING DEMOGRAPHIC Indian specific market behavioural understanding. a shift from a massive proportion of young people in 1989 to a lot more working class people in 2019 Demographic age shift More disposable income for people and this makes it an excellent market for NGOs who want more donations. Increased GDP growth rate (8.7%) The typical (median) amount is 5000 rupees. The mean amount donated was significantly higher at 18,182 rupees. Median and mean amounts Helping the poor (55%), Religious Organisations (53%) and helping Children (52%). Top Causes cash is the most common way of donating (68% of donors) followed by donating using online banking/credit card (33%). Ways of donating An increasing role in digital fundraising platforms, fueled by the high mobile penetration rate in India Digitalization Donation and NGO market in India trends and observations CURRENT STATE"
DOC-052,C:\Users\User\Desktop\180 deliverables\Asili Eco all deliverables.pdf,Asili Eco all deliverables.pdf,.pdf,2663887,2026-07-04T13:59:58+02:00,ffdb2206e3663174ec1b3b15ae5bf9d029bda5fcf42ab5b0d3a95102c26ac273,,47,page,consulting deliverable,Asili Eco,sustainability / circular economy; operations / procurement; organization / governance,high,commercial/financial data; client analysis and recommendations,,"September 2016 DATE: 27/03/2025 ASILI ECO 2180 DEGREES CONSULTING OUR TEAM Team Leader BSc International Bus. Adm. CASPER SCHRETLEN Consultant BSc International Bus. Adm. VALENTINO MOLLARD Consultant MScBA Business Analytics MIHAIL SILVAN POP Consultant BSc Mechanical Engineering ALEXANDER DE VET Consultant BSc2 Econometrics & Economics TAN DABBAGH PRESENTATION AGENDA Organizational & Staﬃng Structure Service Oﬀering & Experience Design Risk Management & Compliance Operational Logistics & Guest Flow Management Organizational & Staﬃng Structure 180 DEGREES CONSULTING 5 ASILI ECO ORGANIZATIONAL CHART Organization is divided into five categories, totaling 12FTE Management Head chef Farm manager Housekeeping staff Entertainment & activities manager Freelance performers 2 Kitchen Assistants Experienced farmer Admin officer Waiter 2 Entry-level farmers Lower-end of average wages are used in calculation of total salary expenditure. Total wage expense: $4150 / month"
DOC-053,C:\Users\User\Desktop\180 deliverables\BCI Project - Deliverable 1.pdf,BCI Project - Deliverable 1.pdf,.pdf,2385202,2026-07-04T14:01:04+02:00,81a788235f271cd9f3fd43f5aa74d72e6a4c530f722c5c7ab9e489f750e72559,,27,page,consulting deliverable,BCI,sustainability / circular economy,medium,client analysis and recommendations,,"September 2016 Barefoot College International & 180DC Building livelihoods, brightening future for women 2180 DEGREES CONSULTING Meet our consulting team Team Leader Xenofon Voulkopoulos Consultant Josephine Peter Phan Thanh Thao Consultant Ha Mi Tran Consultant Celina Reinhard Consultant Glen Suttrop Consultant Consulting Director Anna Sloan 180 DEGREES CONSULTING 3 Understanding Barefoot College International • BCI's is established as a women-centered, global network dedicated to sustainable development for marginalized rural communities. • BCI's mission is to ensure that every woman and girl has the skills and knowledge she needs to become a catalyst for change. • Culture is centered around the values of equality, collective decision making and decentralization. • There are seven current livelihoods and six different projects. Understanding the Isles de Saloum region • Isles de Saloum is in the west coast of Senegal and the region consists of over 200 islands connected by waterways. • It is recognized as an Unesco World Heritage Site. • Oyster harvesting and fishing are the major activities in this region. • The age of the population is relatively low but with a high unemployment rate. Executive summary 180 DEGREES CONSULTING 4 Our presentation today Understanding Barefoot College International Understanding the Isles de Saloum region Understanding Barefoot College International"
DOC-054,C:\Users\User\Desktop\180 deliverables\BCI Project - Deliverable 2.pdf,BCI Project - Deliverable 2.pdf,.pdf,3143241,2026-07-04T14:01:06+02:00,717b46caf0db2925270e109de765a2d5fe66dffd874f6f6eb6764367cd23a51f,,45,page,consulting deliverable,BCI,sustainability / circular economy; digital / product,medium,client analysis and recommendations,,"September 2016 Barefoot College International & 180DC Building livelihoods, brightening future for women 2180 DEGREES CONSULTING Our consulting team Team Leader Xenofon Voulkopoulos Consultant Josephine Peter Phan Thanh Thao Consultant Ha Mi Tran Consultant Celina Reinhard Consultant Glen Suttrop Consultant Consulting Director Anna Sloan 180 DEGREES CONSULTING 3 Exploring Livelihoods • Six of BCI's current livelihoods could be applicable to the Isles de Saloum region: regenerative agriculture, water, biocharcoal, beekeeping, tailoring and sewing, reusable sanitary napkins. • BCI can establish four new livelihoods based on the resources and the characteristics of the Isles de Saloum region: integrated eco - tourism, oyster harvesting, baobab oil & powder and salt production. • Overall, there are three livelihood pillars that provide the best fit for the region. • Transportation is a critical issue for the successful implementation of the livelihoods, but BCI can implement different solu tions that can alleviate transportation challenges. Applicability of New Livelihoods • Oyster harvesting and beekeeping is the most appropriate livelihood combination for Senegal. • Implementation of beekeeping livelihood should be the main focus both for Angola and West & Central Africa. • In America, Asia and Pacific islands sustainable harvesting can be implemented in a large scale. Executive summary 180 DEGREES CONSULTING 4 Our presentation today Exploring current livelihoods Applicability of new livelihoods Exploring new livelihoods Livelihoods best fit for the Isles de Saloum region Exploring current livelihoods"
DOC-055,C:\Users\User\Desktop\180 deliverables\BCI Project - Deliverable 3 (1).pdf,BCI Project - Deliverable 3 (1).pdf,.pdf,2999881,2026-07-04T14:01:08+02:00,cfb1c964b0774685e2f75b23d5d0b6df169288e11c6882997d9f3f6f5bc416b7,,29,page,consulting deliverable,BCI,fundraising / partnerships; operations / procurement,medium,client analysis and recommendations,,"September 2016 Barefoot College International & 180DC Building livelihoods, brightening future for women 2180 DEGREES CONSULTING Our consulting team Team Leader Xenofon Voulkopoulos Consultant Josephine Peter Phan Thanh Thao Consultant Ha Mi Tran Consultant Celina Reinhard Consultant Glen Suttrop Consultant Consulting Director Anna Sloan 180 DEGREES CONSULTING 3 Implementation plan for the new livelihoods • BCI's role should be centered around four main pillars: facilitator, capacity builder, risk reducer and market and finance co nnector . • The implementation plan for the new livelihoods has 4 main phases that expand over a 12 -month period . • BCI's main short -term priorities should be starting with less risky project, strengthening partnerships and preparing for long -term scale. Implementation plan for the current livelihoods • The implementation plan for the current livelihoods has 4 main phases that expand over a 10 -month period . • Implementation of beekeeping requires a vast amount of resources and understanding of the whole process, which includes many different stages. • Implementing and scaling bio -charcoal can be costly, but it can be a very promising venture for women in Isles de Saloum region. Definition of milestones • It will be a huge success if more than 70% of active women participate in the livelihoods in a 36 -month period • In a 36-month period, BCI can expect that average household can see about 20 -30% income increase from the livelihoods that will be implemented in Isles de Saloum region Executive summary 180 DEGREES CONSULTING 4 Our presentation today Implementation plan for the new livelihoods Implementation plan for the current livelihoods Definition of milestones Implementation plan for the new livelihoods"
DOC-056,C:\Users\User\Desktop\180 deliverables\BCI Project - Deliverable 4.pdf,BCI Project - Deliverable 4.pdf,.pdf,2151701,2026-07-04T14:01:10+02:00,8fc1eb0148373bbce16f82aea7426b1a2c92a0fed238f8165ada7ab50465484e,,25,page,consulting deliverable,BCI,sustainability / circular economy; fundraising / partnerships; digital / product,medium,client analysis and recommendations,,"September 2016 Barefoot College International & 180DC Building livelihoods, brightening future for women 2180 DEGREES CONSULTING Our consulting team Team Leader Xenofon Voulkopoulos Consultant Josephine Peter Phan Thanh Thao Consultant Ha Mi Tran Consultant Celina Reinhard Consultant Glen Suttrop Consultant Consulting Director Anna Sloan 180 DEGREES CONSULTING 3 Identification of potential solar projects and financing partners in Senegal • Senegal has made strong electrification progress, yet remote rural regions remain underserved and well -suited for decentralized solar solutions. • Women-led, productive -use solar projects can directly improve livelihoods and local resilience. • BCI can implement these initiatives through a phased rollout focused on training, community ownership, and scalable pilots. • Institutional donors, foundations and private capital can provide the funds for the successful deployment of the proposed solar projects. Identification of potential solar projects and financing partners in West Africa • Across West Africa, energy poverty continues to constrain education, agriculture, and women’s economic participation. • Existing BCI models can be adapted and replicated across West African countries, leveraging local partnerships and context -specific design. • A blended financing approach, starting with grants and public funding, followed by selective private capital, enables sustain able scale. Executive summary 180 DEGREES CONSULTING 4 Our presentation today Identification of potential solar projects and financing partners in Senegal Identification of potential solar projects and financing partners in West Africa Identification of potential solar projects and financing partners in Senegal"
DOC-057,C:\Users\User\Desktop\180 deliverables\BCI_Deliverable1.pdf,BCI_Deliverable1.pdf,.pdf,1736955,2026-07-04T13:58:28+02:00,6b8529c3000847d1addaf341199e1be82cd3dbe8d5efc868c657712a0ccdcbe9,,34,page,consulting deliverable,BCI,market research / growth; business plan / financial; digital / product,high,commercial/financial data; client analysis and recommendations,PowerPoint Presentation,"DATE Market Analysis, BCI Presentation of Deliverable 1 15 November 2024 2180 DEGREES CONSULTING Our Great Team The team working on the BCI-Project combines the business and economics expertise of students from Erasmus University Rotterdam Consulting Director Consultant OURANIA EXARCHOU Team Leader Consultant ANEZKA POSPICHALOVA Consultant KACPER GREDA Consultant ANANYE ACHINTYE Consultant ADIT CHADHA WAHID BEN KHALFA OLE HEUSCHEN DATE Presentation Agenda Project Outline & Deliverable 1 Market Data Accessible Market Appendix November 15 Sources Potential Products Potential Clients DATE Project Outline & Deliverable 1 180 DEGREES CONSULTING 5 Project Timeline The project is set to be completed before February and will inform BCI on the feasibility and potential of market entry into creating value from seaweed 2011 Financial and Impact Analysis Deliverable 2 November-December Market Analysis Deliverable 1 October-November Implementation Plan Deliverable 3 December-January"
DOC-058,C:\Users\User\Desktop\180 deliverables\BCP Problem Analysis.pdf,BCP Problem Analysis.pdf,.pdf,2514143,2026-07-04T13:42:54+02:00,cf3cbb6167dd92d288c2a80f5891f8ab23b504fb07f9b69dcbfb3bbcfc937f12,,26,page,consulting deliverable,BCP,impact measurement; sustainability / circular economy; strategy,medium,client analysis and recommendations,BCP Problem Analysis,SUGGESTED USES: IMPACT MEASUREMENT A FIRST ANAL YSIS ON HOW BCP CAN IMPLEMENT VILLAGE BANKING SERVICES IN LOCAL CHIEFDOMS IN ZAMBIA DATE NOV 2021 180 DEGREES CONSULTING 2 T oday’s Agenda 1. Biocarbon Partners a. Background b. Vision c. Strategy Planning 2. Micro-Financing a. Background b. Microﬁnancing in Africa 3. Village Banking a. BCP & Village Banking b. Relevant Stakeholders c. Obstacles 4. Outlook a. Next Steps 180 DEGREES CONSULTING 3 MEET OUR TEAM Sara Vaccari +393332842060 sv.sarvac@gmail.com Consultant T eam Leader Alexis Freytag +491626755020 alexis-freytag@web.de Consultant Maria Bravo da Fonseca +351933875802 maria.bravodafonseca@ gmail.com Consultant Matteo Avitable +31683850359 avi.matteo02@gmail.c om Consultant Gustavo Alvarez +34675461548 gustavoalvarezfdez@ gmail.com Consultant Sacha Reus +31630776415 sachareus@hotmail.com BIOCARBON PARTNERS 180 DEGREES CONSULTING 5 Biocarbon Partners BCP Microﬁnance Village Banking Outlook
DOC-059,C:\Users\User\Desktop\180 deliverables\BetterFutureFactory_180DC_Project_Proposal (1).pdf,BetterFutureFactory_180DC_Project_Proposal (1).pdf,.pdf,219739,2026-07-04T13:41:26+02:00,c8feeab3ed50bdb62b370aa54705a7f29e7e11815d02b4f41f17463c45468439,DUP-002,4,page,proposal/brief,BetterFutureFactory,sustainability / circular economy; market research / growth; brand / marketing,medium,scope/internal planning,BetterFutureFactory_180DC_Project_Proposal,"180 Degrees Consulting Project Brief PROJECT SCOPE Organizational Background Organization: Better Future Factory Services: Better FutureFactoryis aDutchfor-profit companylocatedinRotterdamwhois adesignandengineeringstudiowhichspecialises insustainableplastic products. Thegoal of thecompanyis tohelpother organisations switch to sustainable plastic material and usage. This couldbebyrecyclingplasticwaste sources into newproducts or optimizingexistingproducts byfor examplereplacingvirgin(new)plastics for recycled plastic.Their innovations range fromseries sizes of 1 custompiece up to mass production of 100.000+. Thecompany is very material driven and has a lot of technical know-how when it comes to plasticmanufacturingprocesses.Thisskillisappliedalotinthefieldofsustainableproductsandartefactsmadefromspecific plastic waste streams, where plastic waste streams of the client areconvertedintonewcustom products. Especially the transformation into iconic furniture objects is an increasing request.These are often small series sizeproductions andthereforeproductiontechniques suchas 3Dprintingandcustomsheetpressingareusedtoovercomeheavyinvestmentsinproductionmoulds.BetterFutureFactory has a lot of expertise in creating these kinds of products. With this unique knowledge andapproach they would like to serve a broader audience in the Dutch market. Customers: Better FutureFactorywouldtargettheB2Bcustomersegmentwithcompanieswhohaveoldfurniture that they desire toget ridoff. Thesolutionof Better FutureFactorywouldthus beideal as itwould enable companies to recycle their old furniture and create new furniture from it. Contact Persons:- Casper van der Meer (Co-Founder) The problem: The office landscape has changed a lot in the last decade with more open work places, flexplaces, sharedofficesetc. Evenmoresothelast1.5yearsincecovidwithmorepeopleworkingfrom home. This also redefines the function of offices, where the office space has an evenbigger roletoinspireandengagewithit'suserscompar"
DOC-060,C:\Users\User\Desktop\180 deliverables\BetterFutureFactory_180DC_Project_Proposal.pdf,BetterFutureFactory_180DC_Project_Proposal.pdf,.pdf,219739,2026-07-04T13:40:00+02:00,c8feeab3ed50bdb62b370aa54705a7f29e7e11815d02b4f41f17463c45468439,DUP-002,4,page,proposal/brief,BetterFutureFactory,sustainability / circular economy; market research / growth; brand / marketing,medium,scope/internal planning,BetterFutureFactory_180DC_Project_Proposal,"180 Degrees Consulting Project Brief PROJECT SCOPE Organizational Background Organization: Better Future Factory Services: Better FutureFactoryis aDutchfor-profit companylocatedinRotterdamwhois adesignandengineeringstudiowhichspecialises insustainableplastic products. Thegoal of thecompanyis tohelpother organisations switch to sustainable plastic material and usage. This couldbebyrecyclingplasticwaste sources into newproducts or optimizingexistingproducts byfor examplereplacingvirgin(new)plastics for recycled plastic.Their innovations range fromseries sizes of 1 custompiece up to mass production of 100.000+. Thecompany is very material driven and has a lot of technical know-how when it comes to plasticmanufacturingprocesses.Thisskillisappliedalotinthefieldofsustainableproductsandartefactsmadefromspecific plastic waste streams, where plastic waste streams of the client areconvertedintonewcustom products. Especially the transformation into iconic furniture objects is an increasing request.These are often small series sizeproductions andthereforeproductiontechniques suchas 3Dprintingandcustomsheetpressingareusedtoovercomeheavyinvestmentsinproductionmoulds.BetterFutureFactory has a lot of expertise in creating these kinds of products. With this unique knowledge andapproach they would like to serve a broader audience in the Dutch market. Customers: Better FutureFactorywouldtargettheB2Bcustomersegmentwithcompanieswhohaveoldfurniture that they desire toget ridoff. Thesolutionof Better FutureFactorywouldthus beideal as itwould enable companies to recycle their old furniture and create new furniture from it. Contact Persons:- Casper van der Meer (Co-Founder) The problem: The office landscape has changed a lot in the last decade with more open work places, flexplaces, sharedofficesetc. Evenmoresothelast1.5yearsincecovidwithmorepeopleworkingfrom home. This also redefines the function of offices, where the office space has an evenbigger roletoinspireandengagewithit'suserscompar"
DOC-061,C:\Users\User\Desktop\180 deliverables\BlueBlocks Deliverable 2.pptx.pdf,BlueBlocks Deliverable 2.pptx.pdf,.pdf,2015218,2026-07-04T13:55:06+02:00,595b12a3717960264cd20f28010f7dae74fa2dee7178221c9aa7bdbe75918b31,,24,page,consulting deliverable,BlueBlocks,impact measurement; sustainability / circular economy,medium,client analysis and recommendations,BlueBlocks Deliverable 2.pptx,September 2016 JUNE 2024 BLUEBLOCKS IMPACT Deliverable 2 2180 DEGREES CONSULTING OUR GREAT TEAM Consulting Director LAURA CROSSLEY Consultant THEO DEHECQ T eam Leader AMAURY JEANJEAN Consultant KINGA BABOS Consultant BEN WIESCHHOFF Consultant ANTONIS PSAROGIORGOS Consultant GIOIA BENINI 180 DEGREES CONSULTING 3 TODA Y’S AGENDA ● PROJECT TIMELINE ● SOCIAL IMPACT MEASUREMENT -Educational Lecturing -Local Sourcing ● ENVIRONMENTAL IMPACT MEASUREMENT -Water Consumption -CO2 Emissions -Renewable Resources ● SDG CONTRIBUTION ● NEXT STEPS ● REFERENCES PROJECT TIMELINE 180 DEGREES CONSULTING 5 321 PROJECT TIMELINE What is due on this presentation and what are the next steps for the project Presentation of the KPIs chosen to assess the impact of BlueBlocks DELIVERABLE 1 April Impact measurement of BlueBlocks activities DELIVERABLE 2 May Impact evaluation and visualization DELIVERABLE 3 June
DOC-062,C:\Users\User\Desktop\180 deliverables\BlueBlocks Deliverable 3 with speaker notes.pdf,BlueBlocks Deliverable 3 with speaker notes.pdf,.pdf,1855240,2026-07-04T13:55:16+02:00,a728c141c0a67c587c420533775572e165857c706682591c4603e15c62ae21d9,,15,page,consulting deliverable,BlueBlocks,impact measurement,medium,client analysis and recommendations,BlueBlocks Deliverable 3,"September 2016 JUL Y 2024 BLUEBLOCKS IMPACTDeliverable 3 2180 DEGREES CONSULTING OUR GREAT TEAM Consulting DirectorLAURA CROSSLEY T eam LeaderAMAURY JEANJEAN ConsultantKINGA BABOS ConsultantBEN WIESCHHOFF ConsultantANTONIS PSAROGIORGOS ConsultantGIOIA BENINI 180 DEGREES CONSULTING 3 TODA Y’S AGENDA I- Project Timeline II- Impact Dashboard ● Dashboard design and tool choices ● Dashboard presentation III- Impact Monitoring T ool ● Spreadsheet design and tool choices ● Spreadsheet presentation PROJECT TIMELINE 180 DEGREES CONSULTING 5 321 PROJECT TIMELINE What is due on this presentation Presentation of the KPIs chosen to assess the impact of BlueBlocks DELIVERABLE 1 April Impact measurement of BlueBlocks activities DELIVERABLE 2 June Impact evaluation and visualization, comparables analysis DELIVERABLE 3 July"
DOC-063,C:\Users\User\Desktop\180 deliverables\BlueBlocks Deliverable 3.pdf,BlueBlocks Deliverable 3.pdf,.pdf,1836838,2026-07-04T13:55:12+02:00,1d6d834bac196f2711bbad68491b5429a0d088bea6ea13c0c28c75fc820aaf01,,15,page,consulting deliverable,BlueBlocks,impact measurement,medium,client analysis and recommendations,BlueBlocks Deliverable 3.pptx,"September 2016 JUL Y 2024 BLUEBLOCKS IMPACT Deliverable 3 2180 DEGREES CONSULTING OUR GREAT TEAM Consulting Director LAURA CROSSLEY T eam Leader AMAURY JEANJEAN Consultant KINGA BABOS Consultant BEN WIESCHHOFF Consultant ANTONIS PSAROGIORGOS Consultant GIOIA BENINI 180 DEGREES CONSULTING 3 TODA Y’S AGENDA I- Project Timeline II- Impact Dashboard ● Dashboard design and tool choices ● Dashboard presentation III- Impact Monitoring T ool ● Spreadsheet design and tool choices ● Spreadsheet presentation PROJECT TIMELINE 180 DEGREES CONSULTING 5 321 PROJECT TIMELINE What is due on this presentation Presentation of the KPIs chosen to assess the impact of BlueBlocks DELIVERABLE 1 April Impact measurement of BlueBlocks activities DELIVERABLE 2 June Impact evaluation and visualization, comparables analysis DELIVERABLE 3 July"
DOC-064,C:\Users\User\Desktop\180 deliverables\BlueBlocks impact deliverable 1 (1).pdf,BlueBlocks impact deliverable 1 (1).pdf,.pdf,1414447,2026-07-04T13:55:02+02:00,591160357caea0c50ee2812829b1a3e2e25325dc11500fc16e729b41dafe74af,,31,page,consulting deliverable,BlueBlocks,sustainability / circular economy; operations / procurement; business plan / financial,high,commercial/financial data; client analysis and recommendations,,September 2016 April 2024 BLUEBLOCKS Deliverable 1 2180 DEGREES CONSULTING MEET OUR GREAT TEAM Consulting Director LAURA CROSSLEY Consultant THEO DEHECQ Team Leader AMAURY JEANJEAN Consultant KINGA BABOS ConsultantBEN WIESCHHOFF Consultant ANTONIS PSAROGIORGOS Consultant GIOIA BENINI 180 DEGREES CONSULTING 3 321 PROJECT TIMELINE Presentation of the KPIs chosen to assess the impact of BlueBlocks DELIVERABLE 1 April Implementation of the measures to create an impact report DELIVERABLE 2 May Evaluation and visualization of the measures DELIVERABLE 3 June 4180 DEGREES CONSULTING PRESENTATION AGENDA ● Project problem and solution outcome ● Impact KPIs - The SDG framework - Useful KPIs in the future ● Relevant KPIs - Energy and water - Emissions per revenue - CO2 reduction - Biomass utilization rate - Renewable resources - Social initiatives ● Management goal and influence - Evaluation process - Adjustment of indicators INTRODUCTION
DOC-065,C:\Users\User\Desktop\180 deliverables\contract signed (1).pdf,contract signed (1).pdf,.pdf,370758,2026-07-04T13:40:02+02:00,2e1bdbc3e913ffeec371abf12f88d961d43a73b11315e1c775fb292e81bafa50,,8,page,contract/agreement,contract signed,general consulting / needs review,high,legal terms/signatures; possible personal/contact or confidential data,,
DOC-066,C:\Users\User\Desktop\180 deliverables\Contract Signed-Vet_Lazy.pdf,Contract Signed-Vet_Lazy.pdf,.pdf,154488,2026-07-04T13:41:42+02:00,00a0896233f77a26bf4bb4882299f5599c16543c84bcdc23bf67ab90037b0636,,8,page,contract/agreement,Contract Signed Vet Lazy,general consulting / needs review,high,legal terms/signatures; possible personal/contact or confidential data,,
DOC-067,C:\Users\User\Desktop\180 deliverables\Contract Signed.pdf,Contract Signed.pdf,.pdf,9157782,2026-07-04T13:35:08+02:00,318df2de7d497466d9204e509314eb80436de9610c95c5b62376b5f2c346b36e,,8,page,contract/agreement,Contract Signed,general consulting / needs review,high,legal terms/signatures; possible personal/contact or confidential data,,
DOC-068,C:\Users\User\Desktop\180 deliverables\Copy of REPORTPJ.pdf,Copy of REPORTPJ.pdf,.pdf,44895247,2026-07-04T13:46:14+02:00,dac7088f9f3e4292332b3f90534afa5390ce33c2deb488016512f879eff0487a,,50,page,consulting deliverable,of REPORTPJ,sustainability / circular economy; brand / marketing,medium,client analysis and recommendations,Microsoft Word - report.docx,IMPACT REPORT 2 CONSULTANT PROFILES MARTINA BERETTA TEAM LEADER Martina.beretta@180dc.org LAURA VENTURI TEAM CONSULTANT TOM OSTERWALD TEAM CONSULTANT ISABELLA ANDERSSON TEAM CONSULTANT GABRIEL ANDRADE TEAM CONSULTANT JAN ALEXANDER MORETH TEAM CONSULTANT 3 CONTENTS CONSULTANT PROFILES ..................................................................................................... 2 EXECUTIVE SUMMARY ....................................................................................................... 5 CONTEXT & OBJECTIVES ..................................................................................................... 6 STRUCTURE OF THIS REPORT ............................................................................................. 7 METHODOLOGY ................................................................................................................. 8 DATA SOURCES ...................................................................................................................... 8 EMPIRICAL METHOD ............................................................................................................. 8 EXTERNAL DATA SOURCES .................................................................................................. 9 LABEL OVERVIEW ............................................................................................................ 10 LABEL COMPLIANCE ........................................................................................................... 10 FAIR TRADE/PRODUCTION ............................................................................................... 13 FAIR TRADE IMPORTANCE ................................................................................................. 13 WHAT DIFFERENCE CAN PROJECT CECE MAKE? ........................................................... 14 WHAT IS “FAIR TRADE” TO THE PARTNER BRANDS? ..................................................... 14 AWARENESS & TRANSPARENCY 
DOC-069,C:\Users\User\Desktop\180 deliverables\Datasheet UPower 800W (1kVA)-4000W (5kVA)_FR.pdf,Datasheet UPower 800W (1kVA)-4000W (5kVA)_FR.pdf,.pdf,6977308,2026-07-04T13:54:48+02:00,85fb331a57de90839f9c665f06c3643e36ae4e69e4a9f445960c7a5850a323e2,,5,page,reference/source,Datasheet UPower W kVA W kVA FR,sustainability / circular economy; operations / procurement; digital / product,medium,third-party copyrighted source,UP规格书（英文版）1,"EPSOLAR TECHNOLOGY EPEVER UPower Series Onduleur/Chargeur Mobilité Solaire Solaire Nautique Générateur d'énergie solaireSolaire Domestique Présentation opérations. L'appareil est généralement utilisé dans les zones reculées, où le réseau est absent L'onduleur/chargeur UPower combine les chargements PV / Réseau et la sortie AC en une seule unité. Il est doté d'un processeur multi-core et un algorithme de contrôle MPPT avancé pour une gestion intelligente des ou instable, mais où le soleil brille en abondance. En tant qu'équipement de standard industriel, l'onduleur/chargeur UPower a une vitesse de réponse rapide et une excellente efficacité de transfert. L'ajustement intelligent du courant de charge total provenant de l'énergie solaire et/ou de l'énergie réseau, le réglage automatique s'effectue via la sélection de différents modes de fonctionnement, ce qui garantit une alimentation maximale en énergie. Le module de chargement PV est doté de la technologie de tracking MPPT optimisée la plus récente. Il peut rapidement suivre le point de puissance maximale du champ PV dans n'importe quel environnement, et possède en plus une capacité de tracking multi-crêtes. La vitesse de tracking MPP et l'efficacité du transfert d'énergie sont très élevées. Le courant de charge PV et AC peut être ajusté manuellement, ce qui permet de respecter la fonction de limitation du courant de charge total et la distribution du rapport de courant de charge PV / Réseau. L'onduleur/chargeur UPower est doté des fonctions de protection électronique complètes. Le module de charge AC-DC adopte l'algorithme de contrôle MPPT avancé, réalise un contrôle en double boucle fermée entièrement numérique pour la tension et le courant, avec une fiabilité et une vitesse de réponse élevées. La plage de tension d'entrée AC est large et la limitation du courant de charge peut être réglée. Ce module dispose de fonctions de protection complètes au niveau des entrées et des sorties. Le module onduleur AC-DC est basé"
DOC-070,C:\Users\User\Desktop\180 deliverables\Deliverable 1 (1).pdf,Deliverable 1 (1).pdf,.pdf,1117322,2026-07-04T13:52:54+02:00,021fb3b1a1d5995931900c8c6c43814aef0e5a4c4d8706f5981a1d29d5e03155,,23,page,consulting deliverable,unresolved,sustainability / circular economy; market research / growth; brand / marketing,high,commercial/financial data; client analysis and recommendations,Deliverable 1,"September 2016 2023 April Final recommendations 180 DEGREES CONSULTING 2 01 02 03 04 Over 30% of dutch would pay 10% or more for sustainable products Growing importance of sustainability and willing to reduce the carbon pawprint Higher interest in sustainability amongst younger generations 90% brand loyalty, but decreasing PET FOOD CUSTOMERS Inset some short and brief lorem ipsum explanatory text about title here Source: GlobalPetfood, Statista, Global pet industry 180 DEGREES CONSULTING 3 01 02 03 04 Customers care 65% more about nutrition than price Growing importance of sustainability and willing to reduce the carbon pawprint Higher interest in sustainability amongst younger generations 90% brand loyalty, but decreasing PET FOOD CUSTOMERS Inset some short and brief lorem ipsum explanatory text about title here Source: The Canadian Veterinary journal, Statista How can Gutsy overcome the high Brand Loyalty in the industry ? 180 DEGREES CONSULTING 4 PET FOOD INDUSTRY The market for pet food in Belgium is worth €830 million, while in the netherlands, pet food revenues amount 1.44 billion SIZE OF THE INDUSTRY GROWING SATURATED MARKET ONLINE SALES The pet food industry is mature and saturated. The expected growth rate is higher in the netherlands than in Belgium (1.85% CAGR vs 5.29% CAGR) Online sales have a growing importance and are expected to increase. It is currently the biggest channel in pet food, but dutch dog owners still prefer pet store (62%) Source: Pet Food Industry, Globalpetindustry 180 DEGREES CONSULTING 5 SUSTAINABLE DOG FOOD INDUSTRY Trends within the sustainable dog food industry TRENDS INSECT BASED COMPETITORS Insect based brands already exists in the netherlands and are actively selling their products Implying that a market for these products exists and is expanding CARE FOR SUSTAINABILITY IN THE NETHERLANDS VS BELGIUM Customers in Belgium and the Netherlands care about sustainability in their shopping activities. However, Dutch consumers care less"
DOC-071,C:\Users\User\Desktop\180 deliverables\Deliverable 1 (2).pdf,Deliverable 1 (2).pdf,.pdf,1367286,2026-07-04T13:55:24+02:00,6ad8f7e5e1873a131c7d4819e98d73a4751d4d0064d9e7e38ad3a78815d3d1f9,,36,page,consulting deliverable,BlueBlocks,market research / growth; brand / marketing; digital / product,medium,client analysis and recommendations,,"DATE Market Analysis, BlueBlocks Report of Deliverable 1 11 April 2024 2180 DEGREES CONSULTING Meet Our Great Team The team tackling the Market Analysis task combines the business and technological expertise of students from EUR & TU Delft Consulting Director LAURA CROSSLEY Consultant OLE HEUSCHEN Team Leader WAHID BEN KHALFA Consultant ORESTIS TZIAPOURAS Consultant ADÉLE ESCARBELT Consultant ANUJ GOYAL Consultant VIDHI CHOPRA DATE Presentation Agenda Project Outline & Deliverable 1 Internal Analysis Technical Analysis & Findings Next Steps Appendix Market Sizing & Findings April 11 Sources DATE Project Outline & Deliverable 1 180 DEGREES CONSULTING 5 Project Timeline The project is set to be completed before mid-June and will inform BlueBlocks on the strategic feasibility and potential of market entry into ceiling panels 2011 Competitor Analysis Gap Analysis & Positioning Deliverable 2 April-May Market Sizing Internal Analysis Deliverable 1 March-April Technical Requirements Potential Collaborations Risk Assessment & Mitigation Deliverable 3 May-June"
DOC-072,C:\Users\User\Desktop\180 deliverables\Deliverable 1 - 180 X Liveshow.pptx,Deliverable 1 - 180 X Liveshow.pptx,.pptx,12755277,2026-07-04T13:58:04+02:00,d76453d552a0fd29ea9480b8fff84ccceb950c5307714923a73ce56a8d7e6936,,22,slide,consulting deliverable,Liveshow,sustainability / circular economy; market research / growth; fundraising / partnerships,high,commercial/financial data; client analysis and recommendations,PowerPoint Presentation,"September 2016 DATE 18 April 2024 Deliverable 1 Overview & Initial Recommendations Todays Agenda Presentation Overview Analysing the internal and external environment of the Liveshow Understanding the Liveshow 01 Analysing customer characteristics and needs to make informed decisions Understanding Customers 02 Bringing our insights together to create initial usable recommendations Initial recommendations 04 Identifying key players in the market to recognize best practices and opportunities Understanding Competitors 03 Understanding The Liveshow Company Overview Analysing the core functions and capabilities of The Liveshow 1 Competitive Advantage Identifying key components to leverage in future strategies 2 3 PESTLE Analysis Analysing The Liveshow’s environment Understanding TheLiveshow SERVICE OVERVIEW Online Ticketing Building a community Building a professional profile Allows for musicians to grow For Musicians An online platform which facilitates professional artists/bands to perform at special occasions B2C (Private Events) Event creation and management Recurring bookings for corporate events B2B (Venue Partnerships) Discovering live music near you Booking tickets of music events through TheLiveShow A large selection of various artists Focus on specific private events (weddings, birthdays, etc.) TLS's Competitive Edge TLS presents a solid artist offering, catering to local segments, while also providing a platform and an expansive network to local artists Artist Offering and Local Discovery Another factor setting TLS apart from its competitor is its focus on maximizing user experience with the artist booking service as well as the online platform will be an important objective to ensuring growth User Experience TLS’s already transparent pricing constitutes a strong point of differentiation for the company, ensuring that the pricing matches the needs of the targeted consumer segment, while fairly compensating the artists. Transparent and Accurate Pricing Another "
DOC-073,C:\Users\User\Desktop\180 deliverables\Deliverable 1 - 180DC x 8Energies.pdf,Deliverable 1 - 180DC x 8Energies.pdf,.pdf,4169445,2026-07-04T13:32:12+02:00,856d1d95a7aded579c3d10e6cf3489e8578801ab6ac9cbfe411e5c7a356e4cd0,,25,page,consulting deliverable,8Energies,sustainability / circular economy; business plan / financial; digital / product,high,commercial/financial data; client analysis and recommendations,,"September 2016 8Energies & 180DC – Deliverable 1 Baseline Assessment and Case Definition 2180 DEGREES CONSULTING Our consulting team Team Leader Bianca Rusu Consultant Oyku Ozakhun Tim Kindler Consultant Ishika Singh Consultant Franco Otero Consultant Mats Ulrich Consultant Consulting Director Anna Sloan 180 DEGREES CONSULTING 3 1. Co-locating Battery Energy Storage Systems (BESS) with PV assets can protect and enhance solar project returns by reducing curtailment losses, improving price capture, and enabling participation in additional revenue streams such as ancillary services. 2. Green storage (PV-charged batteries) provides the most scalable near-term deployment pathway, as it avoids grid withdrawal constraints that currently limit many battery projects. 3. Value creation depends on the chosen remuneration structure (merchant, floor price, or tolling), which determines how risk and revenue are shared between PV owners and BESS developers. 4. Overall project viability is driven by BESS economics and grid connection point (GCP) fee negotiations, which ultimately determine whether co-location delivers sustainable IRR uplift for both parties. Executive summary 180 DEGREES CONSULTING 4 Table of contents Use Case Definition Stakeholder & Value Chain Mapping Economic Baseline Frameworks 180 DEGREES CONSULTING 5 1.1 Use Case Definition"
DOC-074,C:\Users\User\Desktop\180 deliverables\Deliverable 1 - Business Plan YW Kitchener-Waterloo Final.pdf,Deliverable 1 - Business Plan YW Kitchener-Waterloo Final.pdf,.pdf,5197291,2026-07-04T13:52:14+02:00,0dbde0d0e91161d96bd99cd83ab85a75fd06067ae061e6625cfe496cf22c9749,,57,page,consulting deliverable,YW Kitchener-Waterloo,market research / growth; brand / marketing; fundraising / partnerships,high,commercial/financial data; client analysis and recommendations,Deliverable 1 - Business Plan YW Kitchener-Waterloo-MacBook Air,DATE TITLESUBTITLE BUSINESS PLAN –DELIVERABLE 1YW KITCHENER-WATERLOO21/04/2023 180 DEGREES CONSULTING 2 MEET OUR TEAM ConsultantJULE ULRYCH Team LeaderBARTOSZ KOŁODZIEJ Consulting DirectorLAETITIA NYSSEN ConsultantANDREA SANTONASTASO ConsultantJULES BATTAGLIA ConsultantANA CHRISTINA VOS ConsultantRICHARD WOHLSTROM 180 DEGREES CONSULTING 3 AGENDA FOR TODAYTopics discussed during today’s presentation Business Overview Market Analysis Pricing Strategy Business Plan recommendations Risks & Next Steps 4 BUSINESS OVERVIEW 180 DEGREES CONSULTING 5 SWOT SHOWS POSITIVE OUTLOOK SWOT analysis for YW Kitchener Fearlessly YOU programme ØProgramme is anestablishedsuccessØStrong partnershipsØAchieved a uniqueselling pointØSocial media presence to target parents of participants STRENGTHSØLack offinancial experiencein that the YWKWhas never monetized any of its activitiesØOffsetting programme costs requires massiveincrease in price and participants WEAKNESSES ØHaving a profitable/net-zeroprogram(79% ofparents are willing to pay)ØMinimise backlash throughtransparencyØIncreasing target audienceto minimise coststhrough scaleØSchool partnerships are yet to be validated OPPORTUNITIESØLackoffundingfortheprojectØHigherexpectationsand “entitlement“ when paid forØPotential backlashfrom turning a previously free offer into a priced offer THREATS
DOC-075,C:\Users\User\Desktop\180 deliverables\Deliverable 1 - TGT02.pdf,Deliverable 1 - TGT02.pdf,.pdf,2381201,2026-07-04T14:00:16+02:00,4786231bdb09b33e9ab149211e8223bf9d80d9befeef4f3d823bd052d4f33954,,20,page,consulting deliverable,The Green Table,sustainability / circular economy; market research / growth; brand / marketing,high,commercial/financial data; client analysis and recommendations,,"September 2016 The Green Table & 180DC A healthy and complete meal in the house even without refrigeration! 2180 DEGREES CONSULTING Meet our team Team Leader Tenzin Yangdotsang Consulting Director Anna Sloan Consultant Wiktoria Dąbska Elijah Faran Consultant Bianca Rusu Consultant Virág Tóth Consultant Valentino Crosta Consultant 180 DEGREES CONSULTING 3 Executive summary Background • The Green Table creates healthy, plant-based, ready-to-eat meals, that create both social and environmental impact. • Production is guided by sustainability, health, taste, accessibility, ease, and innovation. • Innovative packaging enables shelf storage for up to a year, supporting sustainability and minimizing food waste. • The product range includes six flavours, all maintaining excellent nutritional standards. Market Insights • Target consumers seek healthy, sustainable, and convenient meal options. • The Green Table differentiates itself through innovative packaging that supports sustainable, convenient eating while promoti ng health and providing a unique market positioning. • Key challenges include price competition, consumer education, improving visibility and distribution. • Value is created by combining sustainability with convenience. • Simple, authentic, and relevant communication fosters engagement in consumers. Workshop Highlights • Values go beyond sustainability, aiming to inspire, bring joy, and deliver a high -quality yet accessible experience that aligns with market needs. • Students value convenience and respond better to visuals than to extensive information. • Advertising should emphasize both differentiation from competitors and unique brand reasoning. • Core values include providing support, fostering connection, creating a sense of security, and promoting health. 180 DEGREES CONSULTING 4 The Green Table Overview 180 DEGREES CONSULTING 5 Our presentation today Mission, vision and core values Product portfolio and unique selling points Current market positioning "
DOC-076,C:\Users\User\Desktop\180 deliverables\Deliverable 1 BFFx180DC.pptx,Deliverable 1 BFFx180DC.pptx,.pptx,4596573,2026-07-04T13:41:32+02:00,b4252f6657f6779f8eb69527857866c60b7cb0092cb2eb975722bbac8df43379,,27,slide,proposal/brief,BetterFutureFactory,market research / growth,medium,scope/internal planning,,"Deliverable 1 Better future factory internal analysis 28/10/2021 MEET OUR TEAM Outline Internal analysis: current market position and strengths and weaknesses of BFF PESTLE analysis of office furniture market Porter five forces Scope of the project Identifying different stakeholders Current market position Core stakeholders CLIENTS EMPLOYEES SUPPLIERS COMPETITORS 01 Internal Analysis | PESTLE Analysis | Porter’s Five Forces | Project Scope Focus on companies offering real products, rather than services Clients Fast-moving consumer goods Packaging Interior Design Furniture Artwork Internal Analysis | PESTLE Analysis | Porter’s Five Forces | Project Scope"
DOC-077,C:\Users\User\Desktop\180 deliverables\Deliverable 1 M.pdf,Deliverable 1 M.pdf,.pdf,5435993,2026-07-04T13:58:30+02:00,5684a020ab77fa13f798efcc10a6d6735d565287f78a7836f9d70289aa7b7b5f,,63,page,consulting deliverable,BCI,sustainability / circular economy; brand / marketing; fundraising / partnerships,medium,client analysis and recommendations,,"September 2016Barefoot College International & 180DC BCI HONEY IN ZANZIBAR FOR WOMEN EMPOWERMENT 2180 DEGREES CONSULTING MEET OUR CONSULTING TEAM Team Leader Mercedes Reinhard Consultant Matteo Piana Anna Sloan Consultant Ammar Akila Azhar Consultant Nathan Diepton Consultant Liubov Markelova Consultant Consulting Director Wahid Ben Khalfa 180 DEGREES CONSULTING 3 INITIAL SITUATION • Barefoot College International (BCI) operates the Zanzibar Honey Project to empower rural women (""Mamas"") through sustainablebeekeeping. • Sales primarily rely on partnerships with local hotels, with limited direct-to-consumer reach. • Current challenges include low production efficiency (24% of target) and declining retention of Mamas (11% post-COVID). KEY FINDINGS • Strengths: Unique, eco-conscious honey positioned for high-quality markets, strong government support, and tourist demand. • Weaknesses: Dependence on a few hotel partnerships and inconsistent production volumes. • Opportunities: High potential for rebranding honey as a culturally significant, premium souvenir reflecting Zanzibar’s biodiversity. • Threats: Vulnerability to tourism fluctuations, climate risks, and competition from generic alternatives. IMPLICATIONS • Rebranding Strategy: Shift focus from selling honey as a consumable product to a premium souvenir by enhancing packaging, storytelling, and branding. • Target Market: Capitalize on B2C eco-conscious tourists willing to pay for sustainable, locally-produced souvenirs that contribute to women’sempowerment. • Tourism Alignment: Synchronize production and marketing with peak tourism seasons to maximize visibility and sales. • Diversified Distribution: Expand availability in souvenir shops, online platforms, and cultural tourist hubs, reducing reliance on hotel partnerships. EXECUTIVE SUMMARY 180 DEGREES CONSULTING 4 OUR PRESENTATION TODAY Overview and analysis of key relevant insights concerning BCI’s value chain and Zanzibar’s honey market. Projectoverviewandscope"
DOC-078,C:\Users\User\Desktop\180 deliverables\Deliverable 1 PP.pptx,Deliverable 1 PP.pptx,.pptx,4242012,2026-07-04T13:58:56+02:00,31bf9aeb961ec76439abd52b266b938decc6ef574924d17fe5f0a911d9e40255,,116,slide,consulting deliverable,Asili Eco,sustainability / circular economy; market research / growth; fundraising / partnerships,high,commercial/financial data; client analysis and recommendations,,"September 2016 DATE: 15/11/2024 Asili Eco X 180 DC Deliverable 1 PRESENTATION AGENDA Breakdown of Evaluation Criteria Analysis & Evaluation Operating Models Profit of Non-Profit Approach Recommendation Operating Models are evaluated on 7 criteria essential to Asili Eco’s mission of sustainable agriculture and community impact 7 Key Criteria Ensures adherence to legal requirements Regulatory Compliance Measures profitability and economic sustainability Financial Viability Evaluates adaptability for sustainable growth Scalability and Flexibility Optimizes resources for cost-effective operations Operational Efficiency Supports local welfare and community engagement Community and Social Impact Assesses skilled labor and capital needs Resource Availability Minimizes initial costs and requirements Start-Up Efforts 01 02 03 04 06 05 07 Highlighting common criteria across all Operating Models: Capital, Compliance, and Flexibility Capital Investment Categories: Irrigation, Storage, Tools, etc. Cost Range: $2,287.50 - $5,862.50 See Table for more detailed breakdown Regulator Compliance Employment Contracts: Job description, salary, work hours, etc. Leave Policies: Vacation, holidays, sick leave, etc. Tax Benefits: Agricultural income exemptions, VAT exemptions Flexibility Market Demand: Scale based on crop demand Resource Availability: Water supply affects expansion Input Costs: Affordable inputs enable growth Add action-based title here for OP 1 (See notes)"
DOC-079,C:\Users\User\Desktop\180 deliverables\Deliverable 1 Presentation.pdf,Deliverable 1 Presentation.pdf,.pdf,487300,2026-07-04T13:55:50+02:00,2df1897f0ff0046b425d39dad3d02d04c002de2b86c0889e51521bf12e8795c2,,23,page,reference/source,unresolved,sustainability / circular economy; market research / growth,medium,third-party copyrighted source,Deliverable 1 Presentation.pptx,"September 2016 19 APRIL 2024 180DC x PROJECT CECE TAGGING FRAMEWORK ASSESSMENT & SUSTAINABLE MARKET RESEARCH PRESENTATION AGENDA New Product Categorization Sustainability Regulations & Directives Label & T ag Adjustment Sustainability T axonomy Project Cece ‘s Operating Market NEW PRODUCT CATEGORIZATION 4180 DEGREES CONSULTING We've developed a hierarchical tagging system to organize the sustainability attributes of products. This system consists of four tiers, each providing a level of detail that cascades down from the previous one, enabling nuanced categorization based on material type, sourcing, environmental impact, and social responsibility. This system is designed for clarity, ease of use, and ﬂexibility to adapt to future updates or new sustainability metrics. NEW PRODUCT CATEGORIZATION AND TAGGING 5180 DEGREES CONSULTING New Product Categorization In order to make the existing data more accessible we implemented a new Tier list Rough categorization in general distinguishable segments Tier 1 Further categorization of segments (i.e. general materials) Tier 2 More granular segmentation of Tier 2 (i.e. speciﬁc material) Tier 3 Greatest amount of detail (i.e. composition of certain material) Tier 4 Synthetic Materials Recycled PET Recycled Plastic Recycled Polyamide Recycled Polyester PET Plastic Polyamide Polyester (x)% Recycled PET (x)% Recycled Plastic (x)% Recycled Polyamide (x)% Recycled Polyester"
DOC-080,C:\Users\User\Desktop\180 deliverables\Deliverable 1 Presentation.pptx.pdf,Deliverable 1 Presentation.pptx.pdf,.pdf,2037354,2026-07-04T14:00:54+02:00,af58dc0f077d4db1a57142e10dfbfe3174caaba1c64c2445324dda2848625c93,,23,page,consulting deliverable,unresolved,market research / growth; operations / procurement; organization / governance,medium,client analysis and recommendations,Deliverable 1 Presentation.pptx,"September 2016 HEART for Widows X 180 Degrees Consulting Customer Understanding & Funding Platform Recommendation DELIVERABLE 01 180 DEGREES CONSULTING 2 COMPANY UNDERSTANDING GIVING PLATFORM CONCLUSION & NEXT STEPS Meet Our 180 DC T eam Consulting Director JAMES WARD T eam Lead BELINDA AMADEA LEEOVA Junior Consultant EMILIO CID DEL PRADO CASTILLO Junior Consultant NANDINI NAIR Junior Consultant ORINTA SIMKUTE Junior Consultant ARINA GANDRABURA Junior Consultant ALEXANDRE SOULIEZ 180 DEGREES CONSULTING 3 Presentation Overview 01 02 UNDERSTANDING THE NGO GIVING PLATFORM RECOMMENDATION ● Overview of NGO proﬁle; ● Key challenges and expected deliverables ● Platform selection criteria; ● T op giving platforms in the US for international non-proﬁts; ● Final recommendation based on weighted scoring analysis 01 Introduction 180 DEGREES CONSULTING 5 An Organization Overview Of HEART for Widows INTRODUCTION GIVING PLATFORM CONCLUSION & NEXT STEPS ORGANIZATION PROFILE Founded in 2017 in Akure, Nigeria, and operates in the social development sector across Africa, Asia and Europe COMPANY’S HISTORY OPERATIONS CURRENT SITUATION Raise awareness of the challenges widows face while offering ﬁnancial and emotional support to improve widows’ well-being MISSION Empowerment, community, and hope, envisioning a world where widows are self-reliant, united, and thriving COMPANY VALUES The Better Lives for Widows project empowers widows through community gatherings, peer networks, and essential welfare relief COMMUNITY SUPPORT The Widows Around the Globe initiative raises awareness and sheds light on widows’ conditions ADVOCACY Provide Self-Empowerment Programs to training widows in income generating skills like sewing, baking, and soap-making SKILLS DEVELOPMENT The organization currently depends on the founder’s personal network for funding, and previous attempts on giving platforms have resulted in low conversion rates FUNDING Limited public engagement and visibility reduce the organizatio"
DOC-081,C:\Users\User\Desktop\180 deliverables\Deliverable 1 Slides.pdf,Deliverable 1 Slides.pdf,.pdf,6483200,2026-07-04T13:59:00+02:00,7effae748da975812c98ce3dafeebb1bc146969056cca12b8ec1cafbbd299135,,74,page,consulting deliverable,GRF,sustainability / circular economy; business plan / financial; strategy,high,commercial/financial data; client analysis and recommendations,Deliverable 1 Slides,"September 2016 DATE MARKET OPPORTUNITY ANAL YSIS 2180 DEGREES CONSULTING MEET OUR CONSULTING TEAM T eam Leader CELSO GARCIA Consultant LOU THOMAS Consultant JANNA HAMAD Consultant PABLO VALDES Consultant LORENZO TANAS Consultant ANNA OSELEDKA 180 DEGREES CONSULTING 3 TOPICS COMPETITIVE LANDSCAPE MARKET SIZE VALUE PROPOSITION ANAL YSIS PRICING STRATEGY V ALUE PROPOSITION ANAL YSIS 5180 DEGREES CONSULTING WHAT DOES BEING A HOBBY GARDENER MEAN? Hobby gardeners are individuals who are passionate about growing and taking care of plants in their free time. T o understand the market potential of GRF in the B2C segment, we need to understand who the target clients are: KEY CHARACTERISTICS Sed ut perspiciatis unde omnis iste natus error sit volup tatem accus antium dolor emque lauda nt ium, totam rem aperiam. FEATURES: Passionate about Plants: enjoys growing and caring for plants, whether ornamental, edible, or both Non-Professional: Gardening is pursued for personal satisfaction rather than for business motives Learning Enthusiast: Enjoys learning new techniques, plants and care methods Eco-Conscious: May prioritize sustainable practices such as composting, rainwater collection, or organic fertilizers and pesticides"
DOC-082,C:\Users\User\Desktop\180 deliverables\deliverable 1 SM.pptx,deliverable 1 SM.pptx,.pptx,4771235,2026-07-04T13:56:20+02:00,8aed96a8edaceedf7500f3c9415bf4f051ccaae50e2d764b9ae19d51fac2f20d,,27,slide,consulting deliverable,Meterd,market research / growth; digital / product,high,possible personal/contact or confidential data; client analysis and recommendations,,"SUGGESTED USES: EXPANSION Meterd Deliverable 1 Public market analysis 17/05/2024 MEET OUR TEAM Email: m.petrangeli@180dc.org Telephone: +39 3920706328 LinkedIn: Monica Petrangeli Consultant ANTÓNIO FREIXO Consultant NATALIE PLAZA CÁRDENAS Email: plazacardenas.natalie@gmail.com Telephone:+31631154450 LinkedIn: Natalie Plaza Cardenas Consultant NINE GALY Email: galynine@gmail.com Telephone: +31 6 14954496 LinkedIn: Nine Galy Consultant GYTIS SALCIUS Email: gytis.salc@gmail.com Telephone: +31 6 38 23 31 70 LinkedIn: Gytis Salcius MONICA PETRANGELI Team Leader Email: antfreixo100@gmail.com Telephone: +31 683405999 LinkedIn: António Freixo Consultant LUIS EGGERT Email: luis.lj.eggert@gmail.com Telephone: +49 15754174545 LinkedIn: Luis Eggert Deliverable 1 Scope… …assessing the public market needs regarding utility optimization … assessing the public market attractiveness for Meterd’s solution … identifying potential clients and Meterd’s fit within their needs Approach… … mainly secondary data analysis through reliable sources …some primary data analysis via conducting interviews with resources within relevant institutions (KVK) Today’s agenda Government utility optimization needs Decision-making among public sector levels Feasibility, Viability, Desirability Clients ranking Other opportunities Government utility optimization needs"
DOC-083,C:\Users\User\Desktop\180 deliverables\Deliverable 1&2 - Saaras Foundation.pdf,Deliverable 1&2 - Saaras Foundation.pdf,.pdf,6006186,2026-07-04T13:53:38+02:00,4a0be620b5ef8e94cc9cf73d32deb326b4dd57d9710b93035f30a5b67922b6d2,,48,page,consulting deliverable,Saaras Foundation,market research / growth; brand / marketing; fundraising / partnerships,high,commercial/financial data; client analysis and recommendations,Deliverable 1&2 - Saaras Foundation,180 Degrees Consulting Delft-Rotterdam Deliverable 1 & 2 Saaras Foundation Branding and content strategy recommendations Consultants: Fabian-Adrian Domocos Nico Eymael Liepa Sadauskaite Jule Ulrych Jacques Vaes Anna van Wieren Team Leader: Bartosz Kolodziej – b.kolodziej@180dc.org Consulting Director Alessio Mortillaro – alessio.mortillaro@180dc.org 09/12/2022 Table of Contents 1 Introduction 3 2 Branding Strategy 42.1 Methodology 42.2 Market Research 42.2.1 Global market characteristics 42.2.2 Donation behaviour 52.2.3 Family income and donation 52.2.4 Age demographics and donations 52.2.5 Donation modes 62.2.6 Reasons for donations 62.2.7 General factors that attract donations 62.2.8 Conclusion 72.3 Brand Audit 72.3.1 Topic Introduction 72.3.2 Research Background 82.3.3 Brand Audit Report 82.3.4 Conclusion 102.4 Competitor Analysis 102.4.1 Website 102.4.2 Facebook/Instagram 102.4.3 YouTube 112.4.4 Marketing & Communications (M&C) 112.4.5 Budget: Marketing and Communications 112.4.6 Conclusion 122.5 Conclusion and Recommendations 12 3. Content Strategy 143.1 Methodology 143.2 YouTube 143.2.1 Social Media Audience Trends 143.2.2 Advertising and competitors 153.2.3 What content to post? 153.2.4 Content creation methodology 163.2.5 Conclusion 163.3 Messenger Apps 173.3.1 Smartphone Adoption rate 173.3.2 Choosing a messenger app 173.3.3 WhatsApp Business 173.3.4 Messenger Recommendation 173.4 LinkedIn 183.4.1 LinkedIn - fact file 18 1 3.4.2 Content ideas 203.4.3 Optimal scheduling 223.4.4 Key performance indicators 223.4.5 Conclusion 233.5 Facebook & Instagram 233.5.1 Instagram 23- Basic Facts 23- Step-by-Step Instructions to a successful Instagram 25- Summary: 263.5.2 Facebook 26- Key facts 26- How to engage with the audience? 27- Content suggestions 28- Fundraising tools 29- Summary 293.6 Twitter 293.6.1 Key facts 293.6.2 Interaction with the audience 303.6.3 Knowing the audience 313.6.4 Scheduling tweets 323.7 Website 323.7.1 Key facts 323.7.2 Current website perfor
DOC-084,C:\Users\User\Desktop\180 deliverables\Deliverable 1-EfR.pdf,Deliverable 1-EfR.pdf,.pdf,8781616,2026-07-04T13:52:22+02:00,86c65b2dfe68f51056863f7d31081f4643c7a676408d9a41fd208302e9e59192,,24,page,consulting deliverable,EfR,sustainability / circular economy; brand / marketing; fundraising / partnerships,medium,client analysis and recommendations,Deliverable 1-EfR,"180DEGREESCONSULTING Reporttemplateversion1.1 CONSULTANTPROFILES ClaireWeiserTeamleaderclaireweiser2002@gmail.com AnnavanWeirmanConsultant TimConsultant MeretZimmermannConsultant YaseminAkinConsultant SukhraymanKaurConsultant NicolasWillTeamleadern.will@180dc.org 180Degrees Consulting 2 CONTENTS EXECUTIVESUMMARY 4RECOMMENDATION1: PUBLICFUNDING 5BACKGROUND 5RECOMMENDATIONS 6IMPACTandEXPECTEDOUTCOME 10RECOMMENDATION2: PRIVATEFUNDINGandPARTNERSHIPS 11BACKGROUND 11RECOMMENDATIONS 11RECOMMENDATION3: CROWDFUNDING 16RECOMMENDATIONS 16IMPACTandEXPECTEDOUTCOME 19RECOMMENDATION4: SURVEY 19BACKGROUND 19RECOMMENDATIONS 20IMPACTandEXPECTEDOUTCOME 22DISCLAIMER 23 180Degrees Consulting 3 EXECUTIVESUMMARY DearEnergyForRefugees,Thefollowingdeliverableaimstoprovidecomprehensiveresearch,suggestions,andimpactsofpotentialfundingstrategiesforyourorganization.Ourresearchwillhighlighttheadvantagesanddisadvantagesofeachfundingstrategy,aswellastherecommendations,eligibilitycriteriaandapplicationprocessesforeachoption.We willprovidea detailedanalysisofthevariousfundingsources,includinggovernmentgrants,privateinvestors,andinitialresearchtobeginthecrowdfundingprocess.ThesesuggestionswillbesupportedbyrelevantdataandstatisticsThereportwillcoverthevariousfundingoptionsavailableasfollows: 01 PublicFunding:- Investigation into local, national, and international governmentinstitutions and international organizations which dedicate theirmissionstoaidingNGOsandnon-proﬁtprojects.- Grants and foundations are suggested and outreach strategies areexplained 02 Privatefundingandcollaborations:- potentialprivatedonorsandoutreachsuggestions- Outlineofnecessaryemailsandbrandrepresentationisshown 03 Crowdfunding:- Researchandsuggestionsonthewebsiteandsocialmediaoptimization 04 Survey:- a survey is outlined to be sent to past donors to reinstate pastrelationshipsandgainfeedbackondonorintent 180Degrees Consulting 4 RECOMMENDATION1:PUBLICFUNDINGBACKGROUNDPublicfundingwasinvestigatedutilizingtwoprimarysources.Theﬁrs"
DOC-085,C:\Users\User\Desktop\180 deliverables\Deliverable 1.pdf,Deliverable 1.pdf,.pdf,11639873,2026-07-04T13:46:02+02:00,0277a4b4a3e168207e55906a0b034a4dd5e5a4ff6b8577abcb05740c196b9324,,39,page,consulting deliverable,unresolved,sustainability / circular economy; fundraising / partnerships; digital / product,medium,client analysis and recommendations,,1180 DEGREES CONSULTING 180 DEGREES CONSULTINGXPROJECTCECEDELIVERABLE 1 180 DEGREES CONSULTING 2 PROJECT OUTLOOK •Get to know the team •Overview of the project deliverables PROJECT INITIATION INTRO •Understanding of sustainable fashion industry•Industry analysis •Find key issues within the 5 labels KEY ISSUES DEFINED FIRST DELIVERABLE •Narrow down key issues into quantifiable metrics•Analysis of survey results •Suggestions of survey alterations KEY ISSUES QUANTIFIED•Present metrics•Provide overview per topic•Summarize data obtained in an impact report IMPACT REPORT What the project will look like SECOND DELIVERABLEFINAL PRESENTATION 180 DEGREES CONSULTING 3 OUR AGENDA Team Introduction Sustainable Fashion at a Glance Fair Trade & Fair Production Eco-friendliness Vegan Clothes Good Causes Conclusion Theteamandtheprojectedtimeline WHOWE ARE 180 DEGREES CONSULTING 5 OUR TEAMMartina BerettaTeam LeaderMaster in Finance and Investments at RSM Laura VenturiTeam ConsultantMaster in Management of Technology Tom OsterwaldTeam ConsultantBachelor in International Business Administration Team & TimelineIndustry OutlookImpact criteriaConclusion Isabella AnderssonTeam ConsultantBachelor in International Business Administration Jan MorethTeam ConsultantBachelor in International Business Administration
DOC-086,C:\Users\User\Desktop\180 deliverables\Deliverable 1_ JoyBugs.pdf,Deliverable 1_ JoyBugs.pdf,.pdf,4463470,2026-07-04T13:51:56+02:00,fd688bc9033d21dbb89f0744c3cbca734ec00f08f65fbc4e172ae07eb4df1390,,33,page,consulting deliverable,JoyBugs,sustainability / circular economy; market research / growth; operations / procurement,medium,client analysis and recommendations,Deliverable 1: JoyBugs,"DATE TITLE SUBTITLE Market Analysis - JoyBugs 1st Deliverable 10th November 2023 180 DEGREES CONSULTING 2 TODA Y'S AGENDA Introduction Internal Analysis - JoyBugs Next Steps External Analysis - Market 180 DEGREES CONSULTING 3 MEET OUR TEAM Consultant Mikael Consultant Yasemin Consulting Director Laetitia Consultant Constantin Consultant Mathis Consultant Jorge Consultant Giorgio Team Leader Abby INTRODUCTION | EXTERNAL ANAL YSIS | INTERNAL ANAL YSIS | NEXT STEPS | APPENDIX EXTERNAL ANAL YSIS 180 DEGREES CONSULTING 5 THE EDIBLE INSECT MARKET IS GROWING ● The Edible Insects Market hit $1.8 billion in 2022 and is expected to grow at a CAGR of 18.2% for the next 5 years. ● The growth of this market is driven by the growing greenhouse gas emissions from livestock/poultry, high nutritional value/environmental beneﬁts of insects, the rising demand for insect protein in the animal feed industry ● The lack of a standardized regulatory framework, the psychological & ethical barriers to consuming insects as food and the lack of awareness to the beneﬁts of edible insect consumption is expected to restrain the growth of this market. FOOD AND BEVERAGE FEED EDIBLE INSECTS CAN BE CATEGORISED BY APPLICATION - PROCESSED WHOLE INSECT - POWDER/INSECT INGREDIENT - PRODUCT INCORPORATING INSECT POWDER - ANIMAL FEED - AQUACULTURE FEED Sources: Met research (2022), GVR (2019), Lee et al. (2018), Jimis (2022), EXTERNAL ANAL YSIS"
DOC-087,C:\Users\User\Desktop\180 deliverables\Deliverable 2 (1).pdf,Deliverable 2 (1).pdf,.pdf,7284903,2026-07-04T13:46:06+02:00,37db0a6234760b97cafd31c08ed4c957f6ef5f484db980239c8d41cca9eb12fa,,49,page,consulting deliverable,unresolved,sustainability / circular economy; brand / marketing; strategy,medium,client analysis and recommendations,,"180 DEGREESCONSULTINGXPROJECTCECEDELIVERABLE 2 180 DEGREES CONSULTING 2 PROJECT OUTLOOK •Get to know the team •Overview of the project deliverables PROJECT INITIATION INTRO •Understanding of sustainable fashion industry•Industry analysis •Find key issues within the 5 labels KEY ISSUES DEFINED FIRST DELIVERABLE •Narrow down key issues into quantifiable metrics•Analysis of reported results KEY ISSUES QUANTIFIED•Present metrics•Summarize data obtained in an impact report•Strategic recommendations to data collection IMPACT REPORT What the project will look like SECOND DELIVERABLEFINAL PRESENTATION 180 DEGREES CONSULTING 3 OUR AGENDA 1Recap of 1stDeliverable2Fair Trade & Fair Production3Eco-friendly 4Vegan5Good Causes6Conclusion 180 DEGREES CONSULTING 4 LABELS CALL FOR DIFFERENT METRICS •Equal treatment/ Diversity•Contracts, wages & working hours•Health & Safety•Unions & Collective bargaining•Worker Engagement/Employee Wellbeing•Awareness/ Transparency FAIR TRADE & PRODUCTION•Raw Materials•Energy Consumption•Water Consumption•Water, Soil & Land Pollution•Carbon Footprint ECOFRIENDLINESS•Totally Vegan Brands•Responsible Sourcing of Materials•Natural VS Synthetic fibers •No Animal Abuse•Certifications VEGAN CLOTHES•Education•Environmental Support•Gender Equality•Health•Refugees / homeless / underprivileged•Animal Care GOOD CAUSES Recap 1stdelImpact criteriaQuantificationConclusion Whoweare THETEAM"
DOC-088,C:\Users\User\Desktop\180 deliverables\Deliverable 2 (2).pdf,Deliverable 2 (2).pdf,.pdf,5582041,2026-07-04T13:52:26+02:00,5a2b82c89e05326623b64e2575fe05e0d70d3269d5d7f575bba41db5906e8516,,8,page,consulting deliverable,unresolved,sustainability / circular economy; fundraising / partnerships; operations / procurement,medium,client analysis and recommendations,Deliverable 2,"CONSULTANTPROFILES ClaireWeiserTeamleaderclaireweiser2002@gmail.com AnnavanWeirmanConsultant TimConsultant MeretZimmermannConsultant YaseminAkinConsultant SukhraymanKaurConsultant NicolasWillTeamleadern.will@180dc.org CONTENTS ExecutiveSummary 401Finances 502 InternalTransition 5Documents/Informationthatshouldbeincludedinthehandover: 6Rendering 6Disclaimer 7 ExecutiveSummary DearEnergyForRefugees(EfR), Thisdeliverablefocuseson twocrucialaspectsforEnergyforRefugees(EfR): ﬁnancialtransparencyandinternalboardtransitions.Thereportincludesasimpliﬁedﬁnancialtrackingdocumenttopromoteaccountabilityanddonorconﬁdenceduringboardmembertransitions.The reportemphasizesthe beneﬁtsof a smoothinternaltransitionand oﬀersrecommendationsforactivitiestohelpwiththetransitionprocess,includingintroductoryandhandoversessions,eﬀectivecommunicationchannels,andpost-eventreporting.Additionally,it suggestscompilinga comprehensivelistofpartnersandstakeholders.Byimplementingthesemeasures,EfRcanenhanceoperations,stakeholderrelationships,andorganizationaleﬀectiveness. Insummary, thisdeliverablehighlightsthesigniﬁcanceofﬁnancialtransparencyandsmoothinternaltransitionsforEfR.Itprovidespracticaltoolsandrecommendationstotrackﬁnances,facilitateinternaltransitions,andstrengthenstakeholderrelationships.Byadoptingthesesuggestions,EfRcanexpecttoachieveanoticeableimprovementintheirinternalﬁnancialandhandoversystems. 01 Finances- A simple document which can be used to track relevant ﬁnancialinformation 02 Internaltransition- Acomprehensive outline of the relevant information necessary for aboardtransition- AvisualrenderingofpotentialorganizationalchecklistforrelevantrolesinEfR 01Finances Financialtransparencyiscrucialduringboardmembertransitionsasitpromotesaccountability,enablesinformeddecision-making,ensuringcontinuityforfutureboards.Fromanexternalperspective,ﬁnancialtransparencyandorganizationmayenhancedonorconﬁdenceandfostereﬀectivestakeholdercommunication.ThebelowdocumentisasimplisticwayforEfRtotracktheirv"
DOC-089,C:\Users\User\Desktop\180 deliverables\Deliverable 2 (3).pdf,Deliverable 2 (3).pdf,.pdf,1602235,2026-07-04T13:55:26+02:00,07be2309ccb076cc47a9fddc355f3f162f153c505265bbbefa95ffa7c06737a4,,59,page,consulting deliverable,BlueBlocks,sustainability / circular economy; market research / growth; brand / marketing,medium,client analysis and recommendations,,"DATE Market Analysis, BlueBlocks Report of Deliverable 2 16 May 2024 2180 DEGREES CONSULTING Our Great Team The team tackling the Market Analysis task combines the business and technological expertise of students from EUR & TU Delft Consulting Director LAURA CROSSLEY Consultant OLE HEUSCHEN Team Leader WAHID BEN KHALFA Consultant ORESTIS TZIAPOURAS Consultant ADÉLE ESCARBELT Consultant ANUJ GOYAL Consultant VIDHI CHOPRA DATE Presentation Agenda Project Timeline & Deliverable 2 Competitor Analysis: Non-Sustainable Competitors Positioning BlueBlocks Next Steps Appendix Competitor Analysis: Sustainable Competitors May 16 Sources DATE Project Timeline & Deliverable 2 180 DEGREES CONSULTING 5 Project Timeline Deliverable 2 informs on the market positioning of BlueBlocks’ future product, while Deliverable 3 will focus on increasing the chances for market entry success 2011 Competitor Analysis Gap Analysis & Positioning Deliverable 2 April-MayMarch-April Technical Requirements Potential Collaborations Risk Assessment & Mitigation Deliverable 3 May-June"
DOC-090,C:\Users\User\Desktop\180 deliverables\Deliverable 2 - Slide Deck.pptx,Deliverable 2 - Slide Deck.pptx,.pptx,3097058,2026-07-04T13:51:50+02:00,b61a398ba0eda3cbb0c1001e5357b1caf609527bf84cf6834161d9ea0e9273c4,,24,slide,consulting deliverable,unresolved,business plan / financial,high,commercial/financial data; client analysis and recommendations,PowerPoint Presentation,"September 2016 December 2022 BUTCHER OF BLUE DELIVERABLE 2 AGENDA Overview of industry model, risks, and benefits. D2C MODEL: INDUSTRY, RISKS, AND BENEFITS 01 Analysis of successful and unsuccessful cases from adapting a D2C model. CASE STUDIES 02 Technical analysis of resources needed to adapt the model, as well as costs. TECHNICAL ANALYSIS 03 D2C MODEL FOR CLOTHING INDUSTRY Overview of D2C Industry and Associated Benefits and Risks. MAIN FACTORS THAT WOULD MOTIVATE D2C PURCHASES WORLDWIDE 2022 D2C purchases are highly motivated by cost savings, free delivery and returns, exclusivity and loyalty programs as well as larger product information and range Source: D2C eCommerce, Statista 2022 EUROPE’S CLOTHING E-COMMERCE REVENUE Europe’s e-commerce clothing industry is worth 182 billion EUR in 2022, and is expected to reach 297 billion EUR by 2025, with steady increase in consumer spending. Source: eCommerce Europe, Statista 2022 TOTAL REVENUE AVERAGE REVENUE PER USER"
DOC-091,C:\Users\User\Desktop\180 deliverables\Deliverable 2 - TGT02 (1).pdf,Deliverable 2 - TGT02 (1).pdf,.pdf,4776193,2026-07-04T14:00:20+02:00,75905a33bc0d4cf7b789e6ddb5ff25ef9866f2cb8283198e76d6e63100403824,,71,page,consulting deliverable,The Green Table,sustainability / circular economy; market research / growth; fundraising / partnerships,high,commercial/financial data; client analysis and recommendations,,"September 2016 The Green Table & 180DC – Deliverable 2 A healthy and complete meal in the house even without refrigeration! 2180 DEGREES CONSULTING Our team Team Leader Tenzin Yangdotsang Consulting Director Anna Sloan Consultant Wiktoria Dąbska Elijah Faran Consultant Bianca Rusu Consultant Virág Tóth Consultant Valentino Crosta Consultant 180 DEGREES CONSULTING 3 Executive summary Understanding catering businesses • Caterers are the primary pathway to the end consumer and determine which products reach employees, patients, and students. • Their offerings are highly tailored to client segments and locations, meaning supplier success depends on aligning with each caterer’s operational model, cost structure, and value priorities. • Caterers strongly influence adoption of sustainable, plant-based, and grab-and-go food solutions. Understanding distributors • Market research shows that distributors and caterers prioritize price competitiveness, scalability, delivery reliability, exclusivity potential, and sustainability when selecting suppliers. • Distributors play a critical role in enabling scale, but require suppliers to demonstrate clear demand, operational readiness, and strong value alignment. Market fit 1. Top 5 caterers • Screened 16 caterers based on grab-and-go capabilities, collaboration openness, value alignment, and relative scale. • Identified Compass Group, SMAAK Bedrijfscatering, Cater Concept, CIRFOOD, Hutten and Appèl as the strongest strategic fits for TGT. 2. Top 5 distributors • Evaluated 10 distributors on market reach and sustainability performance. • Conducted in-depth analysis of the strongest strategic fitting distributors for TGT: Sligro, Bidfood, Udea, Nabuurs, and Compass Group, focusing on values alignment, partnership requirements, market presence, and growth strategy. 4180 DEGREES CONSULTING Our presentation today 01 02 03 04 Understand Catering Businesses B2B value proposition, supplier network, back end incentives and shaping factors of"
DOC-092,C:\Users\User\Desktop\180 deliverables\Deliverable 2 180DC X TLS.pptx,Deliverable 2 180DC X TLS.pptx,.pptx,2009986,2026-07-04T13:58:08+02:00,45cc24ae87ddb779168f46cf645549afec94abb7679a984759adc23033708a10,,17,slide,consulting deliverable,TLS,market research / growth; brand / marketing; digital / product,medium,client analysis and recommendations,PowerPoint Presentation,"September 2016 DATE 18 April 2024 Deliverable 2 Overview & Initial Recommendations Todays Agenda Presentation Overview Analysis into current and proposed strategies for demand generation Demand Generation 01 Analysis into current and proposed strategies for artist acquisition Artist Acquisition 02 Demand Generation Current customer acquisition strategy Best practices Differentiation strategy through artist offering Reach customers through online website Ease of booking Professional Profile Trends Gen Z is the largest target segment Most promising segment for growth Streaming platform use Social Media as a tool for discovery Demand Generation Proposed strategy Differentiation strategy stimulating customer acquisition through improved brand identity Sustained competitive advantage due to inimitable intellectual property Short-term 6 months – 1 year Long term 1-5 years FOCUS: Platform integration, data collection Enhance online presence through user experience , accessibility and brand visibility FOCUS: Social Media Branding Build a mobile app driving further growth through integration of rising platforms Demand Generation Action plan Short-term 6 months – 1 year Long term 1-5 years Use SEO tools such as SE Ranking or Semrush Drives 1000% more traffic than organic social media Can reduce customer acquisition costs up to 87% Develop unique brand voice and visual identity Increase logo visibility Utilize cohesive visual style and personality in posts Create a social media strategy and content calendar Regular posts and collaborations with artists Targeted Facebook Ads and Instagram Ads Secure intellectual property rights for unique app features Prevent competitor imitation Retain sustained competitive advantage Identify and integrate popular platforms Streaming platforms (Spotify, Apple Music, Gaana) AI driven artist recommendations Organise data and develop an MVP Conduct market research to gather user preferences Costumer-centric approach, gather feedback, refine chang"
DOC-093,C:\Users\User\Desktop\180 deliverables\Deliverable 2 M.pdf,Deliverable 2 M.pdf,.pdf,4276822,2026-07-04T13:58:32+02:00,6c99f0d1c865dfbcee89479a917e00d2ff3358948ff0bbf5d8286643f9748298,,89,page,consulting deliverable,BCI,sustainability / circular economy; fundraising / partnerships; business plan / financial,high,commercial/financial data; client analysis and recommendations,,"September 2016 Barefoot College International & 180DC BCI honey in Zanzibar for women empowerment 2180 DEGREES CONSULTING Meet our consulting team Team Leader Mercedes Reinhard Consultant Matteo Piana Anna Sloan Consultant Ammar Akila Azhar Consultant Nathan Diepton Consultant Liubov Markelova Consultant Consulting Director Wahid Ben Khalfa 180 DEGREES CONSULTING 3 Derivative Products •The four derivative products that BCI can produce are candles, bee pollen, bee propolis, and lip balm. •The two most profitable products are lip balm and honey itself. •The biggest challenge of the production of these derivative products is that they lead to large losses in honey production and rely heavily on bee health. Market segmentation •Largest market: high spending, beach going tourists. •Target market: high income, eco conscious, beach going, package trip takers. •Size of market: segment of high-spending eco-conscious tourists was93.745 people in 2023. Future strategy •BCI should increase its presence on Zanzibar through airport, taxi, and beach partnerships as well as opening up to site tours. •BCI should partner with travel agencies to get its name out to tourists before they even arrive on Zanzibar. •BCI can maximize sales by combining storytelling, packaging, and exclusive deals. •In the next year, BCI should put 1/3 of its honey production towards producing lip balms before fully committing to larger quantities. Executive summary 180 DEGREES CONSULTING 4 Our presentation today In 2024 there was only revenue from other sources such as individual buyers. Recalculation of important figures from Deliverable 1 01 Lip balm has the highest profit margin of derivatives products at 73%. Derivative products02 BCI must increase its presence on Zanzibar through beach, sea and airport pop-ups and focus on storytelling. Market penetration strategy04 High income, eco conscious tourists are the target market and will be reached via beach package trips. Market segmentation & target market"
DOC-094,C:\Users\User\Desktop\180 deliverables\Deliverable 2 Presentation (1).pptx,Deliverable 2 Presentation (1).pptx,.pptx,3142437,2026-07-04T13:53:50+02:00,1fcad02ffebd81740cc434543e594211ad8e2680e9e578ee6c802c97b5123fe4,,30,slide,consulting deliverable,Newbees,market research / growth; fundraising / partnerships; business plan / financial,high,commercial/financial data; client analysis and recommendations,PowerPoint Presentation,"NewBees P ricing Strategy What is on the agenda Introduction Strategy 1 Strategy 3 Strategy 2 Final Recommendation Introduction | Strategy 1 | Strategy 2 | Strategy 3 | Final Recommendation Analyzing 3 pricing strategies Looking at competitors and similar SaaS and PaaS to identify patterns and approaches which can be taken into consideration Strategy 1: Market-Based Pricing Strategy 2: Value-Based Pricing Strategy 3: Modular Price ""Hooking"" Focusing on the additional functional value which the CRM can fulfill in order to reach a comparable price Tapping into the market with a price-competitive modular product which may allow for a larger municipality reach and product customization Introduction | Strategy 1 | Strategy 2 | Strategy 3 | Final Recommendation Strategy 1 Market-Based Pricing Strategy Overview Public Sector in the Netherlands consists of 550,000 civil servants and professionals (ILO) There are approximately 99,000 Refugees in the Netherlands (World Bank) Introduction | Strategy 1 | Strategy 2 | Strategy 3 | Final Recommendation It must be rationalized that clearly public sector organizations are different from other private organization s based on metrics such as legal identity, personality, public service motivation and impact Pricing strategy should encompass a stream of thought that either tries to either; A) Sell at a lower price than other competitors B) Sell at a higher price to showcase quality Considering that the primary target market consists of migrants and refugees; The target market would appreciate a LOWER price more (incentive structure), but would only prefer HIGHER price if the CRM system is well perceived"
DOC-095,C:\Users\User\Desktop\180 deliverables\Deliverable 2 Presentation.pdf,Deliverable 2 Presentation.pdf,.pdf,1681034,2026-07-04T13:55:54+02:00,2230be7f3f8f4ab8adf042d8e5e6b5246f22889a0c747a59700c43866f837297,,24,page,consulting deliverable,unresolved,sustainability / circular economy; market research / growth; brand / marketing,medium,client analysis and recommendations,Deliverable 2 Presentation.pptx,"September 2016 MAY 2024 180DC x PROJECT CECE BRAND TAGS AUTHENTICITY AND FURTHER MARKET RESEARCH PRESENTATION AGENDA ACM Fining Policy Brand T ags Authenticity Market Trends CSRD Framework & Alternatives In-depth research on the authenticity of the 10 brand tags BRAND TAGS AUTHENTICITY 180 DEGREES CONSULTING 4 In the fashion industry, when circular is mentioned, it can refer to either Recycled T extile, or T ake-back scheme. How to verify How to Declare Recycle textile could be mentioned on products tag, or on companies’ communication about the production process. # Circular Valid for 1 year. Above standards provide certiﬁcate for company’s recycle textile. Requirement: ● all products need to be made with a minimum of 20% recycled material ● detailed information about the source of materials used in the entire process: processing, manufacturing, packaging, labeling, trading and distribution ● ongoing monitoring plan Recycled T extile Circular Economy Recycled textile T ake-back scheme/ system 180 DEGREES CONSULTING 5 Companies collect used products or materials from consumers and reintroduce them to the original processing and manufacturing cycle. Recently, researchers found that such initiatives lack transparency and the results are less positive than the companies' claims. How to verify How to Declare Companies must ensure better tracking techniques to provide transparency on the downstream journey of collected items. # Circular Valid for Not applicable.Currently, there is no third-party certiﬁcation, but companies can work with business partners in collection, sorting and recycling, such as SOEX and I:CO. T ake-back scheme Downcycled or destroyed Resold within Europe Shipped to Africa Lost in limbo ( Changing Markets Foundation, 2023)"
DOC-096,C:\Users\User\Desktop\180 deliverables\Deliverable 2 Presentation.pptx.pdf,Deliverable 2 Presentation.pptx.pdf,.pdf,9072720,2026-07-04T14:00:56+02:00,af62593ceccad66b90bb5affe3ddcc3e4b252d4763f1051196e740021280af84,,52,page,consulting deliverable,unresolved,brand / marketing; fundraising / partnerships; digital / product,high,possible personal/contact or confidential data; client analysis and recommendations,Deliverable 2 Presentation.pptx,"September 2016 HEART for Widows X 180 Degrees Consulting (Digital) Marketing Strategy DELIVERABLE 02 180 DEGREES CONSULTING 2 Meet Our 180 DC T eam Consulting Director JAMES WARD T eam Lead BELINDA AMADEA LEEOVA Junior Consultant EMILIO CID DEL PRADO CASTILLO Junior Consultant NANDINI NAIR Junior Consultant ORINTA SIMKUTE Junior Consultant ARINA GANDRABURA Junior Consultant ALEXANDRE SOULIEZ 180 DEGREES CONSULTING 3 Presentation Overview 01 Understanding T arget Donors ● Identify and understand (potential) primary donors through desk research and social media analytics ● Creation of donor persona 02 Marketing Strategy Development ● Develop donor-targeted strategies, ensuring they align with industry and region best practices for each social media platform ● Competition study with similar NGOs 03 Email Marketing ● Evaluate email marketing needs ● Ideal platform recommendation for HFW 04 Marketing Assets ● Creation of Facebook and Instagram posting templates ● Creation of a newsletter template 01 Understanding T arget Donors 180 DEGREES CONSULTING 5 Align External and Internal Insights to Build Donor Persona Conducted an analysis of donor demographics, giving styles, and social media trends in the US DESK RESEARCH Collected insights from HFW’s social media performance, highlighting audience trends and engagement patterns ANAL YTICS Created proﬁles of typical donors based on desk research and internal analytics DONOR PERSONA"
DOC-097,"C:\Users\User\Desktop\180 deliverables\Deliverable 2&3 - Funding & Marketing, Fearlessly YOU YWKW.pdf","Deliverable 2&3 - Funding & Marketing, Fearlessly YOU YWKW.pdf",.pdf,12643388,2026-07-04T13:52:18+02:00,e20efba5cec766598313b45dc8b35e30ae9d3108370ba52460640d1168369678,,71,page,consulting deliverable,"& Funding & Marketing, Fearlessly YOU YWKW",brand / marketing; business plan / financial; digital / product,medium,client analysis and recommendations,"Deliverable - Funding & Marketing, Fearlessly YOU YWKW",DATE TITLESUBTITLE DELIVERABLE 2+3 –FEARLESSLY YOUFUNDING STRATEGY AND MARKETING12/06/2023 180 DEGREES CONSULTING 2 MEET OUR TEAM ConsultantJULE ULRYCH Team LeaderBARTOSZ KOŁODZIEJ Consulting DirectorLAETITIA NYSSEN ConsultantANDREA SANTONASTASO ConsultantJULES BATTAGLIA ConsultantANA CHRISTINA VOS ConsultantRICHARD WOHLSTROM 180 DEGREES CONSULTING 3 AGENDA FOR TODAYTopics discussed during today’s presentation FUNDING PLANINTERNAL STRATEGYEXTERNAL STRATEGYFUNDING TIMELINEMARKETINGSTRATEGYTARGET GROUPSSOCIAL MEDIA –CONTENT STRATEGYLOCAL CHANNELS –CONTENT STRATEGY BUSINESS PLAN -ADJUSTMENTS RISKS& CONCLUSIONS 4 FUNDING FUNDING STRATEGYINTERNAL AND EXTERNAL APPROACH 5 INTERNAL FUNDING
DOC-098,C:\Users\User\Desktop\180 deliverables\Deliverable 2.pdf,Deliverable 2.pdf,.pdf,5198560,2026-07-04T13:32:18+02:00,d23b8badc3c83e74c9b6e25fab4137414a48222e08a641eba758b31b082f3f18,,25,page,consulting deliverable,8Energies,business plan / financial,high,commercial/financial data; client analysis and recommendations,,"September 2016 8Energies & 180DC – Deliverable 2 Financial modelling, sizing and IRR impact analysis 2180 DEGREES CONSULTING Our consulting team Team Leader Bianca Rusu Consultant Oyku Ozakhun Tim Kindler Consultant Ishika Singh Consultant Franco Otero Consultant Mats Ulrich Consultant Consulting Director Anna Sloan 180 DEGREES CONSULTING 3 Executive summary 180 DEGREES CONSULTING 4 Table of contents Sensitivity Analysis Base Case Analysis Asset Value Impact Analysis Base Case Analysis"
DOC-099,C:\Users\User\Desktop\180 deliverables\Deliverable 2_final GoodHout.pptx,Deliverable 2_final GoodHout.pptx,.pptx,50239022,2026-07-04T13:47:44+02:00,15ef72d62f015b4177383b942a8ed163088faffe88174385d5bf6fe6935bb940,,30,slide,consulting deliverable,GoodHout,market research / growth; brand / marketing; digital / product,medium,client analysis and recommendations,PowerPoint-Präsentation,"Intermittent analysis of GoodHout analysing the social media and web presence MEET OUR PROJECT TEAM Consultant, Web and SEO AILEEN Consultant, Web Analysis BENNO Consultant, Social Media KEISHA Consultant, Social Media MARIA Consultant, Web Analytics ROY Team Leader, Social Impact NICOLAS Conclusion Social Media Analysis Social Media Platforms Social Media Recommendations Introduction Website Analytics Website SEO Website Content OUR DELIVERABLES GoodHout presentation Introduction of team Q&A PROJECT INITIATION OCTOBER 19 Problem definition Prioritization of tasks Creation of vision PROBLEM IDENTIFICATION Elaboration of first findings Composition of results to initiate first implementation steps EARLY RESULTS & FINDINGS DECEMBER 15 Detailed solution recommendation Delivery of final report and slide deck FINAL REPORT & PRESENTATION JANUARY 25 NOVEMBER 17 Conclusion Social Media Analysis Social Media Platforms Social Media Recommendations Introduction Website Analytics Website SEO Website Content Based on a study of competitor’s social media tools INDUSTRY ANALYSIS 01 Goals for the social media campaign and selection of suitable platforms FIRM LEVEL ACTION PLAN FOR GOODHOUT 02 Key aspects to ensure a pleasant user experience Revision of the deliverables for GoodHout KPI’S AND OVERVIEW OF DELIVERBALES 04 Akin creators on each social media platform SUITABLE PARTNERS 03 Social Media Analysis Social Media Platforms Social Media Recommendations Introduction Website Analytics Conclusion Website SEO Website Content SOCIAL MEDIA: ESTABLISHING LEADS WITH STAKEHOLDERS AND CREATING BRAND AWARENESS 100% SOCIAL MEDIA RESOURCES IN THE INDUSTRY Facebook LinkedIn Instagram Twitter YouTube Pinterest Vimeo Slideshare 100% 71% 58% 58% 58% 28% Social Media Analysis Social Media Platforms Social Media Recommendations Introduction Website Analytics Conclusion Website SEO Website Content"
DOC-100,C:\Users\User\Desktop\180 deliverables\Deliverable 3  BFFx180DC.pdf,Deliverable 3  BFFx180DC.pdf,.pdf,2136838,2026-07-04T13:41:36+02:00,ca0e169e4ff2e6f0d9d7495d212c17a7b9ea45491f9e7d54a162516ccb256a62,,42,page,consulting deliverable,BetterFutureFactory,sustainability / circular economy; market research / growth; brand / marketing,high,commercial/financial data; client analysis and recommendations,Deliverable 3 BFFx180DC.pptx,DATE TITLE SUBTITLE Deliverable 3 Better Future Factory Strategy 26/01/2022 180 DEGREES CONSULTING 2 Meet our team 180 DEGREES CONSULTING 3 Outline 01 02 03 04 0605 Business Model Canvas Recap Differentiation strategy SWOT analysis Implementation Timeline Key recommendations 180 DEGREES CONSULTING 4 Putting deliverable 3 into context Timeline Understanding the company and its market PESTLE analysis Porter 5 forces Deliverable 1 28/10 Focus on competitors Who are they? Where does their focus lie? Deliverable 2 09/12 Using competitor information to draft a competitive positioning strategy for BFF Deliverable 3 T oday Recap | Business Model | Differentiation | SWOT | Implementation | Recommendations 180 DEGREES CONSULTING 5 Summary Deliverable 1 Better Future Factory - Internal Analysis Clients Employees Suppliers Competitors Core Stakeholders Skilled team Diverse sustainable projects Supply chain partnerships Key Strengths Unclear market positioning Operational weaknesses Financial weaknesses Key Weaknesses Helped understand the environment of BFF PESTLE Analysis Med-High bargaining power of suppliers Medium bargaining power of buyers High threat of substitutes Med-High threat of new entrants Medium industrial rivalry ⇒ Helped deﬁne scope of project ⇒ Layed a foundation for the next deliverable Porter’s 5 Forces Recap | Business Model | Differentiation | SWOT | Implementation | Recommendations
DOC-101,C:\Users\User\Desktop\180 deliverables\Deliverable 3 (1).pdf,Deliverable 3 (1).pdf,.pdf,1911102,2026-07-04T14:01:00+02:00,5fd5e8add172fe455b8ebcd8012847fb347fa3ba0c7a6f7a977ec8b77d60cfea,,49,page,consulting deliverable,unresolved,brand / marketing; fundraising / partnerships; business plan / financial,high,possible personal/contact or confidential data; commercial/financial data; client analysis and recommendations,,"September 2016 HEART for Widows X 180 Degrees Consulting Google Ads Campaign and Outreach Strategy DELIVERABLE 03 180 DEGREES CONSULTING 2 COMPANY UNDERSTANDING GIVING PLATFORM CONCLUSION & NEXT STEPS Meet Our 180 DC Team Consulting Director JAMES WARD Team Lead BELINDA AMADEA LEEOVA Junior Consultant EMILIO CID DEL PRADO CASTILLO Junior Consultant NANDINI NAIR Junior Consultant ORINTA SIMKUTE Junior Consultant ARINA GANDRABURA Junior Consultant ALEXANDRE SOULIEZ 180 DEGREES CONSULTING 3 Presentation Overview 01 02 Google Ads Campaign Strategy LinkedIn Optimization ● Understand Google Ads and its benefits ● Google Ads Grant strategy ● LinkedIn's strategic value and its impact on credibility and trust ● Strategies for optimization, partnership, and content 03 Strategic Collaboration ● Potential partners and collaboration opportunities ● Cold-email templates 04 Conference opportunities ● TEDx Talks ● Eventbrite 01 Google Ads Campaign Strategy 180 DEGREES CONSULTING 5 A Strategic Comparison: Google Ads and Meta Ads APR IL Built around a high -intent donors Connects the organization to people ready to connect, get involved, or donate (i.e. users who are already searching and is ready to act upon their search) Discover and grab the attention of potential donors Excels at brand awareness and social engagement, and good for creating demand for causes that may be new to supporters Daily budget set at campaign level Google Ads manage budgets at the campaign level, directing spending toward searches with the highest intent and relevance Daily or lifetime budget set at ad -set level The NGO controls how much budget goes to each target audience, while also allowing the platform to reallocate spending to the audiences that perform best Google Ad offers grants for non -profits ($10,000/month) VS Focus on text and relevance to search intent Ads are typically responsive, mixing headlines and descriptions dynamically to generate many combinations Designed for storytelling and visual"
DOC-102,C:\Users\User\Desktop\180 deliverables\Deliverable 3 - Final PPT.pptx,Deliverable 3 - Final PPT.pptx,.pptx,6783287,2026-07-04T13:49:06+02:00,180dcf9c7e1df7ecdee7460880a99f7f5ec3f4b5d9051ac22b4b668ac6d450b9,,72,slide,consulting deliverable,Pyropower,sustainability / circular economy; market research / growth; fundraising / partnerships,high,commercial/financial data; client analysis and recommendations,PowerPoint Presentation,"September 2016 February 2021 Pyropower Deliverable 3 – Biochar Market & Investor Roadmap PRESENTATION AGENDA Recap Bootstrapping Resources 3 4 22 50 How to create Investment Pitch Deck Meet the Team Biochar Market 8 Financial Projections 3 4 Conclusion 56 Appendix 60 MEET OUR TEAM CONSULTANT - DELFT CHITRANSH LOT CONSULTANT - RSM RENE HSU CONSULTANT - RSM MAX RAUSCH CONSULTANT - DELFT ELSIE LOUKIANTCHENKO TEAM LEADER - RSM MATTIAS EVANS Meet the Team The 180DC team consists of “Pyropower is looking to SCALE UP their business practices and wants to build up a CONSTANT REVENUE STREAM for a sustainable business model in order to continue towards their mission of circular economy.” Recap “Pyropower is looking to SCALE UP their business practices and wants to build up a CONSTANT REVENUE STREAM for a sustainable business model in order to continue towards their mission of circular economy.” Recap To scale, Pyropower needs Capital = Debt + Equity To build constant revenue stream, Pyropower needs a Go-to-Market Strategy for CarbonCoffee : Carbon Products & Biochar Market Segmentation Carbon Products & Biochar Characteristics Carbon Products & Biochar Price"
DOC-103,C:\Users\User\Desktop\180 deliverables\Deliverable 3 - TGT02.pdf,Deliverable 3 - TGT02.pdf,.pdf,2362973,2026-07-04T14:00:22+02:00,b423cef535a4f1f24db6ac79e055132908e7a1693b7022b9aa1dfd430b6e8730,,40,page,consulting deliverable,The Green Table,sustainability / circular economy; market research / growth; brand / marketing,high,commercial/financial data; client analysis and recommendations,,"September 2016 The Green Table & 180DC – Deliverable 3 A healthy and complete meal in the house even without refrigeration! 2180 DEGREES CONSULTING Our team Team Leader Tenzin Yangdotsang Consulting Director Anna Sloan Consultant Wiktoria Dąbska Elijah Faran Consultant Bianca Rusu Consultant Virág Tóth Consultant Valentino Crosta Consultant 180 DEGREES CONSULTING 3 Executive summary Market Potential The analysis identifies three competitor groups: shelf-stable B2B meal producers, ready-to-use meal suppliers, and retail/B2C meal providers, confirming both market attractiveness and competitive intensity. Market entry is driven by operational needs in catering formats and enabled by TGT’s differentiation through long shelf life, unrefrigerated storage, plant-based positioning, and a standardised product format thatallows efficient replication across multiple locations. Barriers to entry include preference for established suppliers, infrequent supplier review cycles, and the substitute-versus-complement challenge within existing catering models. Market sizing estimates project a TAM of €3.78bn, SAM of €1.12bn, and a SOM of €0.6m–€11.2m in 2026, supported by a 5% market growth rate. Strategic evaluation identifies Compass Group, CIRFOOD, and UDEA as priority partners. Go-to-Market Strategy The go-to-market approach is defined as a phased short- and long-term implementation model. The short term focuses on market screening, partner prioritisation, targeted engagement, and pilot initiation. The medium term centres on pilot validation, review and refinementof product format, workflows, and pricing, and the development of repeatable partnership models. The long term focuses on structured expansion through additional caterer and distributor partnerships, geographic scaling, and multi-sector rollout, leading to nationwide establishment and long-term brand positioning. Distributors are positioned as scaling enablers rather than first-entry partners, with onboarding driven by pr"
DOC-104,C:\Users\User\Desktop\180 deliverables\Deliverable 3 180DC X TLS (1).pptx,Deliverable 3 180DC X TLS (1).pptx,.pptx,2831486,2026-07-04T13:58:12+02:00,19275e6a1e772f457849be0244a7ed21f1d30ee10d2410a738f652b878fbb53a,,26,slide,consulting deliverable,TLS,sustainability / circular economy; market research / growth; business plan / financial,medium,client analysis and recommendations,PowerPoint Presentation,"September 2016 DATE 18 April 2024 Deliverable 2 Overview & Initial Recommendations Todays Agenda Presentation Overview Demographic analysis Market Breakdown 01 Estimations for the market Size and Growth Estimations 02 1.1 Music Industry Global Market Trends . TikTok and Short-Form Video Platforms: Revolutionizing music consumption, interaction, and promotion. Rise of Small Artists : Viral success on TikTok can lead to stardom (e.g.: JVKE's success on TikTok in 2020) “ TikTok to Spotify pipeline ”: Viral on TikTok, long-term success on Spotify One-Hit Wonders : Increase in short-lived success stories. Industry concerns over ""one-hit wonder overload"" (Billboard, 2023). Re-Popularization of Older Songs High Frequency of New Trends: Rapid trend turnover due to shorter attention spans 1.2 Trends in the live music industry - India Regional Preferences for Talent: - There is a notable preference for artists from mainland India, perceived to have higher performance standards and preparation. This trend will influence the diversity of artists featured in events across the country ( Vedabala & Dibya, 2023). Independent Music Growth - Independent artists and labels are flourishing, using digital platforms to enable new and emerging artists to directly connect with event organizers and audiences. In 2023, Spotify's 'Radar India' helped over 2 million new users discover independent artists (Chaitanya, 2024) . Innovative Cross-Genre Collaborations - Artists from varied genres are collaborating, creating fusion music that attracts a diverse audience. This trend is expanding the market by merging different musical tastes and increasing the appeal to a broader demographic. Resurgence of Regional and Folk Music - There's a growing appreciation for regional and folk music, incorporating traditional elements into modern tracks. 'Hot Hits Bhojpuri' playlist entered Spotify's Top 100 global playlists, indicating the rising popularity and commercial potential of regional music (Chaitanya,"
DOC-105,C:\Users\User\Desktop\180 deliverables\Deliverable 3 Presentation.pdf,Deliverable 3 Presentation.pdf,.pdf,764616,2026-07-04T13:55:56+02:00,d5386fe7175553ed83c18cad014e6d712f2f93de61775cd6c53a279185221c17,,26,page,consulting deliverable,unresolved,sustainability / circular economy; brand / marketing; digital / product,medium,client analysis and recommendations,Deliverable 3 Presentation.pptx,"September 2016 JUNE 2024 180DC x PROJECT CECE SUSTAINABILITY TRENDS AND FINAL RECOMMENDATIONS PRESENTATION AGENDA T ag Reﬁnement Trends in Sustainability Reporting Funding Opportunities Key T akeaways Education Campaigns TRENDS IN SUSTAINABILITY REPORTING 180 DEGREES CONSULTING 4 EU Strategy for Sustainable & Circular T extiles 2030 vision: All textile products placed on the EU market are durable, repairable and recyclable, to a great extent made of recycled ﬁbres, free of hazardous substances, produced in respect of social rights and the environment A framework to set ecodesign requirements for products, including textiles. Each product category will have different requirement but the main themes are circularity, product durability and waste control. The ﬁrst draft are under consultation and will be published during the second quarter of 2025. Highlight: Digital Product Passport will be an easily accessible tag on products providing products’ sustainability information The Ecodesign for Sustainable Products Regulation 180 DEGREES CONSULTING 5 EU Strategy for Sustainable & Circular T extiles Supervises and controls the export and import of waste New regulation on waste shipment entered into force on 20 May 2024 ● Does not export waste challenges to third countries and contributes to environmentally sound management of waste. ● Strengthen enforcement to prevent illegal shipments ● Increase traceability of shipments of waste within the EU and facilitating recycling and re-use. Waste Shipment Regulation In 2023 the Commission updated and revises the regulation, considering the introduction of uniform set of rules on labeling requirements for textiles and related products ● Ensure consumers access to all the relevant and accurate information on the textile and related products ● Reduce compliance costs for companies and ensure regulatory clarity and consistency Input is currently under analysis with a view to consider the adoption of a proposal to revise the regulation "
DOC-106,C:\Users\User\Desktop\180 deliverables\Deliverable 3.pdf,Deliverable 3.pdf,.pdf,1122937,2026-07-04T13:55:30+02:00,3ed71f8796d9d487eca8fae1c9fd0a4bba4e497d3100411397d5f4c18418548a,,33,page,consulting deliverable,BlueBlocks,market research / growth; business plan / financial; digital / product,high,commercial/financial data; client analysis and recommendations,,"DATE Market Analysis, BlueBlocks Report of Deliverable 3 20 June 2024 2180 DEGREES CONSULTING Meet Our Great Team The team tackling the Market Analysis task combines the business and technological expertise of students from EUR & TU Delft Consulting Director LAURA CROSSLEY Consultant OLE HEUSCHEN Team Leader WAHID BEN KHALFA Consultant ORESTIS TZIAPOURAS Consultant ADÉLE ESCARBELT Consultant ANUJ GOYAL Consultant VIDHI CHOPRA DATE Presentation Agenda Project Outline & Deliverable 3 Competitor Pricing Collaboration Partners Risks & Mitigations Summary Certifications June 20 Appendix Sources DATE Project Outline & Deliverable 3 180 DEGREES CONSULTING 5 Project Timeline The project concludes with final revisions of Deliverable 2 and remarks mitigating downside risks of the market entry 2011 April-May Competitor Pricing Certifications Potential Collaborations Risk Assessment & Mitigation Deliverable 3 May-June"
DOC-107,C:\Users\User\Desktop\180 deliverables\Deliverable 3.pptx,Deliverable 3.pptx,.pptx,58684029,2026-07-04T13:46:18+02:00,51f1d7c3cd90c26309c2f6787adb287c13cbe138007d72942f93ffc9bc71599c,,61,slide,consulting deliverable,unresolved,sustainability / circular economy; brand / marketing; strategy,high,possible personal/contact or confidential data; client analysis and recommendations,Deliverable 3,180 DEGREES CONSULTING ​ X ​ PROJECTCECE ​ DELIVERABLE 3 ​ 01 UNDERSTANDING THE LABELS Slider Content Ads OUR WORK SO FAR How we have created Projectcece’s Impact report What are the problems in the fashion industry.. and how does Projectcece address them? 02 HANDS ON DATA How does Project Cece assess its brands? 03 OVERALL IMPACT “What is Project Cece’s Impact on the fashion industry?” Overview of the firm’s impact on fashion as a whole Social Metrics Environmental Metrics Strategic suggestions to layout of the survey Improved ability to collect data in the future. OUR AGENDA 1 Overall Impact 2 Social Impact 3 Environmental Impact 4 Outfit Comparison 5 Data Gathering 6 Conclusion
DOC-108,C:\Users\User\Desktop\180 deliverables\Deliverable 3_Feedback.pptx,Deliverable 3_Feedback.pptx,.pptx,69283085,2026-07-04T13:48:26+02:00,f56e15837b2999f110ac3065d1cac8fbeed3df0f8a17fa9f0d21609ce8a9c985,,60,slide,consulting deliverable,GoodHout,market research / growth; brand / marketing; digital / product,medium,client analysis and recommendations,PowerPoint Presentation,"Final recommendations for GoodHout’s Social media and web presence MEET OUR PROJECT TEAM Consultant, Web and SEO AILEEN Consultant, Web Analysis BENNO Consultant, Social Media KEISHA Consultant, Social Media MARIA Consultant, Web Analytics ROY Team Leader, Social Impact NICOLAS OUR DELIVERABLES GoodHout presentation Introduction of team Q&A PROJECT INITIATION OCTOBER 19 Problem definition Prioritization of tasks Creation of vision PROBLEM IDENTIFICATION Elaboration of first findings Composition of results to initiate first implementation steps EARLY RESULTS & FINDINGS DECEMBER 15 Detailed solution recommendation Delivery of final report and slide deck FINAL REPORT & PRESENTATION FEBRUARY 5 NOVEMBER 17 Conclusion Social Media Content Creation Generating Customer Engagement Introduction Website Content Survey Website Competitor Analysis Search Engine Optimisation KPI comparison – In-depth evaluation of: Performance; Information; General content; Contact option GoodHout to-do’s WEBSITE COMPETITOR ANALYSIS Phase 1 focus – Content & Keyword Suggested tools Google Ads SEO IMPLEMENTATION Focus on Product USP GoodHout’s Social Media Channels vs. Competitors Tools for content creation SOCIAL MEDIA CONTENT CREATION Recommended interaction proposal Two–stage model GENERATING CUSTOMER ENGAGEMENT INDUSTRY ANALYSIS SOCIAL MEDIA PLATFORM SELECTION PRELIMINARY PARTNER SELECTION KPI GUIDELINES AGENDA - 180 RECOMMENDATION GUIDELINE Web Presence Social Media PRELIMINARY ANALYTICS EVALUATION WEBSITE BENCHMARKING SETUP SEO INVESTIGATION Conclusion Social Media Content Creation Generating Customer Engagement Introduction Website Content Survey Website Competitor Analysis Search Engine Optimisation SOCIAL MEDIA STRATEGY Analysis of success features Implementation and management plan Conclusion Social Media Content Creation Generating Customer Engagement Introduction Website Content Survey Website Competitor Analysis Search Engine Optimisation"
DOC-109,C:\Users\User\Desktop\180 deliverables\Deliverable1-180DC_X_Vet_Lazy.pdf,Deliverable1-180DC_X_Vet_Lazy.pdf,.pdf,2741848,2026-07-04T13:41:48+02:00,561ee7a7c7d47cfaedd4606735d96cb78344f907c1b38fb5bb4fed910c17a155,,31,page,consulting deliverable,Deliverable DC X Vet Lazy,sustainability / circular economy; market research / growth; brand / marketing,medium,client analysis and recommendations,,18 March 2022 1stDeliverable180DC DELFTROTTERDAM@VET&LAZY 180 DEGREES CONSULTING 2 1 2 3 4 Market in the BeNeLux& Market TrendsOverview of specialty beer in RotterdamCompetition in specialtybeers Overview of Project Cycle5 6 7 Customer Buying ProcessOutlook Introduction into Marketing Efforts of Competitors Market / TrendsRotterdamBuying ProcessCompetition & Marketing Agenda Outlook 180 DEGREES CONSULTING 3 Consulting DirectorALEXANDRE RIENTJES Team LeaderHINRIK MÜLDERSConsultantEVA FILIPANConsultantERIC JACOB ConsultantSIDDHARTH MYNENIConsultantMARIUS RIEDELConsultantSOFIA WEYDT Meet our Team Market / TrendsRotterdamBuying ProcessCompetition & MarketingOutlook 180 DEGREES CONSULTING 4 Project Outlook •Get to Know theTeam•Overview of Project Deliverables PROJECT INITIATIONFebruary 14 •Understanding of Vet & Lazy and its resources•Market Analysis•Customer buying process ANALYSIS OF INTERNAL & EXTERNAL ENVIRONMENT March 18 •Analysis of main Online marketing channels•Assessment of Competitors online presences EARLY RESULTS & FINDINGS KW16 •Development of online brand strategy for Vet & Lazy•Implementation plan FINAL PRESENTATIONKW21 Market / TrendsRotterdamBuying ProcessCompetition & MarketingOutlook MARKET/S FOR SPECIALTY BEER
DOC-110,C:\Users\User\Desktop\180 deliverables\Deliverable1-SlimBox_180DC.pptx,Deliverable1-SlimBox_180DC.pptx,.pptx,23635478,2026-07-04T13:36:56+02:00,be9973a4a43a8c056a6a02b0104e913af2b5074e1be34279770f896f4f3bfe5b,,30,slide,consulting deliverable,SlimBox,sustainability / circular economy; fundraising / partnerships; operations / procurement,medium,client analysis and recommendations,PowerPoint Presentation,"NOVEMBER 2021 TEAM SLIMBOX First Deliverable Introduction & Recap Slimbox differences Areas of environmental gain Returns and broken items Cardboard waste and impact Shipping advantages Next steps & Q&A AGENDA FOR THE PRESENTATION 1 2 3 4 5 6 7 MEET OUR GREAT TEAM Diverse team background from various studies and nations M . Sc . Aerospace Engineering, TU Delft Luigi Pescio B. Sc . Economics, EUR Otto Konkarikoski M.Sc. Management of Technology, TU Delft Laura Venturi M.Sc. Strategic Management, EUR Thorben Peter M.Sc Transport Infrastructure and Logistics, TU Delft Chandusha Thati M.S c. Complex Systems , TU Delft Amogh R avishankara M.Sc. Sustainable Energy Technology, TU Delft Alessandro Pozzetto Introduction & Recap Differences with Slimbox Next steps Q&A Areas of Gain M . Sc . Strategic Management, RSM Alexandre Rientjes THE IMPACT OF SLIMBOX Introduction & Recap Differences with Slimbox Next steps Q&A Areas of Gain SUGGESTED USES: FUNDRAISING, FINANCE D IFFERENCES THAT COME WITH SLIMBOX"
DOC-111,C:\Users\User\Desktop\180 deliverables\Deliverable1.pptx,Deliverable1.pptx,.pptx,15942836,2026-07-04T13:38:40+02:00,fb3d18cc3b54e23a16a0dc857164365aa6cd185cc965844dc9c21bd5e1546629,,22,slide,consulting deliverable,Deliverable,market research / growth; digital / product; strategy,medium,client analysis and recommendations,PowerPoint Presentation,"15 March 2022 First Deliverable VERIDI : Our Research Plan to Tackle your Questions Introduction & Recap Research Approach Stakeholders Market Dynamics Market Size Types and Prices of Tests Next steps & Q&A AGENDA FOR THE TODAY 1 2 3 4 5 6 7 MEET OUR GREAT TEAM Diverse team background from various studies and nations M.Sc. Aerospace Engineering, TU Delft Luigi Pescio B.S.c. International Business Administration, EUR Anatoli Pozharitskiy Pre-M .Sc. International Management, EUR Thomas Preis M.Sc. Strategic Management, EUR Thorben Peter B.S.c. International Business Administration, EUR Liza Kiss M.Sc. Industrial Ecology, T U Delft Varsha Ram Balapa Introduction & Recap Research Approach Market Dynamics Market Size Stakeholders M.Sc. Engineering and Policy Analysis, TU Delft Rima Arab Types & Prices of Tests Next Steps & Q&A WE WILL PERFORM A MARKET ANALYSIS For the first deliverable we developed a plan, found stakeholders and started the market analysis The nematode testing market in the Netherlands is extremely secretive, with little information available. This is a problem for Veridi that tries to enter the market with its innovative solution. THE PROBLEM Conduct a market analysis on the Dutch nematode testing market, finding key industry stakeholders and types, prices and number of tests sold. THE OBJECTIVE Develop a detailed research plan Determine key stakeholders Initiate the market research FIRST DELIVERABLE Introduction & Recap Research Approach Market Dynamics Market Size Stakeholders Types & Prices of Tests Next Steps & Q&A SUGGESTED USES: COMPETITOR ANALYSIS, MARKET ANALYSIS RESEARCH APPROACH"
DOC-112,C:\Users\User\Desktop\180 deliverables\Deliverable2 (1).pdf,Deliverable2 (1).pdf,.pdf,4628740,2026-07-04T13:33:08+02:00,229af1e13d19dae9844e5880c9b082639e2d010034c7efdfb9eea7df39bc54bf,DUP-003,28,page,unclear/review,The Green Table,sustainability / circular economy; market research / growth; brand / marketing,medium,commercial/financial data,,"The Green Table x 180DC Addressable market, messaging outreach & personas 180 DEGREES CONSULTING 2 MEET YOUR 180 TEAM These are the consultants dedicated to bringing your vision to life 180 DEGREES CONSULTING 3 TABLE OF CONTENTS 01 Total Addressable Market Size Estimating the total addressable market size for plant-based shelf-stable meals in Sweden Market Data & Estimations Insights into Expansion 02 Feedback on the Brand Messaging Making The Green Table’s meals look more appealing Feedback on Current Designs Feedback Based Redesigns 03 Distinct Personas Overview of target users and identifying what each group finds most important between taste, convenience, and sustainability. Identifying Common Needs Different Persona Examples Estimating the total addressable market size for plant-based shelf-stable meals in Sweden TOTAL ADRESSABLE MARKET SIZE 180 DEGREES CONSULTING 5 TAM CAPTURES DEMAND OF TGT MEALS ACROSS SWEDEN Scope of TAM TAM is defined as annual revenue potential if all demand is captured. REVENUE POTENTIAL Includes entire Swedish population, not only Gen Z. ENTIRE POPULATION Focus on shelf-stable, ready- to-eat, plant-based meals. FILTERED FOCUS Benchmarked against fresh, frozen and functional meal competitors. BENCHMARKED Anchored in existing ready- meal consumption behaviour. ACTUAL BEHAVIOUR TAM estimates category potential, not immediate TGT sales."
DOC-113,C:\Users\User\Desktop\180 deliverables\Deliverable2-BFFx180DC.pptx,Deliverable2-BFFx180DC.pptx,.pptx,5399948,2026-07-04T13:41:36+02:00,0f00e48216f76a39d5a5d625ee8c45b7fa3688a4baa67835393ce517d9d0f434,,27,slide,consulting deliverable,BetterFutureFactory,market research / growth; brand / marketing; business plan / financial,high,commercial/financial data; client analysis and recommendations,,"Deliverable 2 Better future factory competitor analysis 0 9 /1 2 /2021 Meet our team Outline 01 02 03 04 06 05 Office design trends Recap Competitors overview Competitor analysis Conclusion Next steps Putting deliverable 2 into context for the end result Timeline Understanding the company and its market PESTLE analysis Porter 5 forces Internal research October Redefined the scope of the projects Financial, geographical and activity preferences Feedback deliverable 1 28/10 Focus on competitors Who are they? Where does their focus lie? Deliverable 2 Today Using competitor information to draft a competitive positioning strategy for BFF Deliverable 3 January Working & the Pandemic Trends as a result of COVID-19 Majority of people now working from home again Recent measures emphasise volatility of working conditions Remote work will likely remain in the post-pandemic period 20 to 25% of workforce to work from home Reduction of overall space needed Might signal an oncoming trend of office renovations Trends | Competitors | Next Steps McKinsey, 2021"
DOC-114,C:\Users\User\Desktop\180 deliverables\Deliverable2-SlimBox.pptx,Deliverable2-SlimBox.pptx,.pptx,30607061,2026-07-04T13:37:00+02:00,201b6f71a6886edb85461515f39d529abd2fc86f85ec4ac589c5395d16829254,,25,slide,consulting deliverable,SlimBox,sustainability / circular economy; operations / procurement; digital / product,medium,client analysis and recommendations,PowerPoint Presentation,"08 DECEMBER 2021 TEAM SLIMBOX Second Deliverable AGENDA FOR THE PRESENTATION 1 4 2 3 4 5 1 Introduction Key Performance Indicators Models Next Steps Q&A MEET OUR GREAT TEAM Diverse team background from various studies and nations M . Sc . Aerospace Engineering, TU Delft Luigi Pescio B. Sc . Economics, EUR Otto Konkarikoski M.Sc. Management of Technology, TU Delft Laura Venturi M.Sc. Strategic Management, EUR Thorben Peter M.Sc Transport Infrastructure and Logistics, TU Delft Chandusha Thati M.S c. Complex Systems , TU Delft Amogh R avishankara M.Sc. Sustainable Energy Technology, TU Delft Alessandro Pozzetto M . Sc . Strategic Management, RSM Alexandre Rientjes Introduction KPI Next steps Q&A Models OUR PROGRESS Team introduction SLIMBOX presentation Q&A PROJECT INITIALIZATION OCTOBER Cardboard impact Broken items Filling materials Shipping DELIVERABLE 1 NOVEMBER Identify KPI Define model inputs Show model process DELIVERABLE 2 DECEMBER Introduction KPI Next steps Q&A Models KEY PERFORMANCE INDICATORS"
DOC-115,C:\Users\User\Desktop\180 deliverables\Deliverable2.pdf,Deliverable2.pdf,.pdf,4628740,2026-07-04T14:00:06+02:00,229af1e13d19dae9844e5880c9b082639e2d010034c7efdfb9eea7df39bc54bf,DUP-003,28,page,unclear/review,The Green Table,sustainability / circular economy; market research / growth; brand / marketing,medium,commercial/financial data,,"The Green Table x 180DC Addressable market, messaging outreach & personas 180 DEGREES CONSULTING 2 MEET YOUR 180 TEAM These are the consultants dedicated to bringing your vision to life 180 DEGREES CONSULTING 3 TABLE OF CONTENTS 01 Total Addressable Market Size Estimating the total addressable market size for plant-based shelf-stable meals in Sweden Market Data & Estimations Insights into Expansion 02 Feedback on the Brand Messaging Making The Green Table’s meals look more appealing Feedback on Current Designs Feedback Based Redesigns 03 Distinct Personas Overview of target users and identifying what each group finds most important between taste, convenience, and sustainability. Identifying Common Needs Different Persona Examples Estimating the total addressable market size for plant-based shelf-stable meals in Sweden TOTAL ADRESSABLE MARKET SIZE 180 DEGREES CONSULTING 5 TAM CAPTURES DEMAND OF TGT MEALS ACROSS SWEDEN Scope of TAM TAM is defined as annual revenue potential if all demand is captured. REVENUE POTENTIAL Includes entire Swedish population, not only Gen Z. ENTIRE POPULATION Focus on shelf-stable, ready- to-eat, plant-based meals. FILTERED FOCUS Benchmarked against fresh, frozen and functional meal competitors. BENCHMARKED Anchored in existing ready- meal consumption behaviour. ACTUAL BEHAVIOUR TAM estimates category potential, not immediate TGT sales."
DOC-116,C:\Users\User\Desktop\180 deliverables\Deliverable2.pptx,Deliverable2.pptx,.pptx,15347516,2026-07-04T13:38:44+02:00,cf7a8067aaf76d11b833b296599d834ef4269d73a2f9e043e572fa409f9e2af8,,26,slide,proposal/brief,Deliverable,market research / growth; operations / procurement; organization / governance,medium,scope/internal planning,PowerPoint Presentation,"26 April 2022 Second Deliverable VERIDI : First View on the Team Organization Introduction & Recap Team Organization Structure Business Development IT Biology and Microscopy Next steps & Q&A AGENDA FOR TODAY 1 2 3 4 5 6 MEET OUR GREAT TEAM Diverse team background from various studies and nations M.Sc. Aerospace Engineering, TU Delft Luigi Pescio B.S.c. International Business Administration, EUR Anatoli Pozharitskiy Pre-M .Sc. International Management, EUR Thomas Preis M.Sc. Strategic Management, EUR Thorben Peter B.S.c. International Business Administration, EUR Liza Kiss M.Sc . Transport, Infrastructure and Logistics , TU Delft Filippo Borgogno Introduction & Recap Team Organization Structure IT Biology and Microscopy Business Development M.Sc. Engineering and Policy Analysis, TU Delft Rima Arab Next Steps & Q&A WE WILL PERFORM A TEAM ORGANIZATION For the second deliverable we will present to you our team organization plan and initial findings A small response rate to our survey lead us to change our project scope from performing a market analysis to team organization. WE CHANGED THE PROJECT SCOPE Conduct a team organization for Veridi Technologies, focusing on salaries, job market, and the recruitment and scouting processes. THE NEW OBJECTIVE Determine topics of interest within the team organization to explore Present our initial more generic findings on the team organization SECOND DELIVERABLE Introduction & Recap Team Organization Structure IT Biology and Microscopy Business Development Next Steps & Q&A SUGGESTED USES: COMPETITOR ANALYSIS, MARKET ANALYSIS TEAM ORGANIZATION STRUCTURE"
DOC-117,C:\Users\User\Desktop\180 deliverables\Deliverable21.pptx,Deliverable21.pptx,.pptx,20374596,2026-07-04T13:39:52+02:00,702acc04506c94d9609f494174f4fae3bb0bbd861f1e24afc1c9c26dab58ab45,,33,slide,proposal/brief,Deliverable,market research / growth; operations / procurement; strategy,medium,scope/internal planning,PowerPoint Presentation,"25 May 2022 Third Deliverable VERIDI : Finding Your Competitors and Ways to Improve Your Presence Introduction & Recap Finding Your Competitors Improving Your Online Presence Recommendations & Q&A THE AGENDA FOR TODAY 1 2 3 4 MEET OUR GREAT TEAM Diverse team background from various studies and nations M.Sc. Aerospace Engineering, TU Delft Luigi Pescio B.S.c. International Business Administration, EUR Anatoli Pozharitskiy Pre-M .Sc. International Management, EUR Thomas Preis M.Sc. Strategic Management, EUR Thorben Peter B.S.c. International Business Administration, EUR Liza Kiss M.Sc . Transport, Infrastructure and Logistics , TU Delft Filippo Borgogno M.Sc. Engineering and Policy Analysis, TU Delft Rima Arab Introduction & Recap Finding Your Competitors Recommendations & Q&A Improving Your Online Presence OUR DEVELOPMENT Secretive industry Difficult to obtain information through surveys M ultiple small player and 1-2 very large DELIVERABLE 1 MARCH Use LinkedIn to attract interns Collaborate with TU Delft faculties to find master interns DELIVERABLE 2 APRIL DELIVERABLE 3 JUNE Our project scope changed frequently due to difficulties in obtaining valuable results Introduction & Recap Finding Your Competitors Recommendations & Q&A Improving Your Online Presence OUR FINAL DELIVERABLE For the third deliverable we found potential competitors and ways to improve your presence COMPETITORS IMPROVING YOUR ONLINE PRESENCE Introduction & Recap Finding Your Competitors Recommendations & Q&A Improving Your Online Presence Direct and indirect competitors Opportunities deriving from your competitors Changes that you can bring to the your website Using LinkedIn to your advantage Business Development: Use your knowledge of the industry to find the best candidates IT: Collaborate with universities for master interns and post offering on LinkedIn Biology & Microscopy: No help is needed TEAM ORGNIZATION"
DOC-118,C:\Users\User\Desktop\180 deliverables\Deliverable_1_Market_Competitor_Analysis_JEDI_network_presentation-3.pdf,Deliverable_1_Market_Competitor_Analysis_JEDI_network_presentation-3.pdf,.pdf,1600733,2026-07-04T13:53:08+02:00,90173cec7dc2d981bf4e1ce5f47724d16e554e44d3d3d26b285d1d24fccd958c,,18,page,consulting deliverable,JEDI Network,market research / growth; fundraising / partnerships; operations / procurement,medium,client analysis and recommendations,PowerPoint-Präsentation,JEDI Market & Competitor Analysis 2180 DEGREES CONSULTING MEET OUR GREAT TEAM Consulting Director Alessio Mortillaro Team Lead Nicolas Will Consultant Youmna Abboud Maarten de Lege Consultant Radosław Lodziński Consultant Eliza Pawlak Consultant Timotej Sloboda Consultant Ana Christina Vos Consultant 180 DEGREES CONSULTING 3 What is on the Agenda A short overview of what will be covered today Introduction Market Competitive Landscape Donorship Conclusion & Strategic Approach Our process summary Market Analysis
DOC-119,C:\Users\User\Desktop\180 deliverables\Deliverable_1_Market_Competitor_Analysis_JEDI_network_report-3.pdf,Deliverable_1_Market_Competitor_Analysis_JEDI_network_report-3.pdf,.pdf,1459018,2026-07-04T13:53:04+02:00,d6693a174cdd318f405f40408785c35ea5f40a2ff4a0d7b9f5102ca5ff40310e,,28,page,consulting deliverable,JEDI Network,sustainability / circular economy; market research / growth; brand / marketing,medium,client analysis and recommendations,,"180 Degrees Consulting Delft-Rotterdam Deliverable 1 JEDI - network Market & Competitor Analysis of NGOs on a global and regional scale Consultants: Youmna Abboud Maarten de Lege Radoslaw Lodzinski Eliza Pawlak Timotej Sloboda Ana Christina Vos Team Leader: Nicolas Will - n.will@180DC.org Consulting Director Alessio Mortillaro - Alessio.Mortillaro@180DC.org December 5, 2022 Contents 1 Introduction 2 2 Market Analysis 2 2.1 Characteristics of NGOs . . . . . . . . . . . . . . . . . . . . . . . . . . . . . . . . . . . . . . . . . 2 2.2 NGOs And Charitable Organizations Market Trends . . . . . . . . . . . . . . . . . . . . . . . . . 5 2.2.1 Mobile Applications . . . . . . . . . . . . . . . . . . . . . . . . . . . . . . . . . . . . . . . 5 2.2.2 Crowd Funding Platforms . . . . . . . . . . . . . . . . . . . . . . . . . . . . . . . . . . . 5 2.3 Overview of NGOs . . . . . . . . . . . . . . . . . . . . . . . . . . . . . . . . . . . . . . . . . . . . 5 2.4 Conclusion Market Analysis . . . . . . . . . . . . . . . . . . . . . . . . . . . . . . . . . . . . . . . 7 3 Competitor Analysis 7 3.1 Methodology . . . . . . . . . . . . . . . . . . . . . . . . . . . . . . . . . . . . . . . . . . . . . . . 7 3.2 Global Competitors . . . . . . . . . . . . . . . . . . . . . . . . . . . . . . . . . . . . . . . . . . . 8 3.2.1 Greenpeace . . . . . . . . . . . . . . . . . . . . . . . . . . . . . . . . . . . . . . . . . . . . 9 3.2.2 National Resource Defence Council . . . . . . . . . . . . . . . . . . . . . . . . . . . . . . . 10 3.2.3 Friends of Earth . . . . . . . . . . . . . . . . . . . . . . . . . . . . . . . . . . . . . . . . . 11 3.2.4 Dream.org . . . . . . . . . . . . . . . . . . . . . . . . . . . . . . . . . . . . . . . . . . . . . 12 3.2.5 350.org . . . . . . . . . . . . . . . . . . . . . . . . . . . . . . . . . . . . . . . . . . . . . . 13 3.2.6 World Wildlife Fund . . . . . . . . . . . . . . . . . . . . . . . . . . . . . . . . . . . . . . . 14 3.3 Regional Competitors . . . . . . . "
DOC-120,C:\Users\User\Desktop\180 deliverables\Delivery 1 Y_s Men International_updated.pptx,Delivery 1 Y_s Men International_updated.pptx,.pptx,4110823,2026-07-04T13:45:34+02:00,31409a19f6cf712b412a32051a6d017286a7aa5671405222936e741f1df91133,,35,slide,proposal/brief,Y s Men International updated,brand / marketing; fundraising / partnerships; operations / procurement,high,possible personal/contact or confidential data; scope/internal planning,,"September 2016 March 2022 Delivery 1 Y’s Men International S trive through active service to develop, encourage and provide leadership to build a better world for all humankind. Official Mission of Y’s Men International “ ” Claudia Tarlotti Antoni Samerek Koppany Hajdo Katharina Stahl Amogh Ravishankara Fabian Sauer Meet the Team ‹#› 180 DEGREES CONSULTING 1. INTRODUCING OUR TEAM Problem Statement & Rese arch Process 2 Analysis of Relevant Affiliates 3 Analysis of KPIs 4 Survey for Affiliates 5 Conclusions 6 Next Steps & External Analysis 7 1 Meet the Team ‹#› Q&A 8 AGENDA Problem Statement ‹#› 180 DEGREES CONSULTING How should Y’s Men International best address the challenge of an increasingly high average age among members ? Our goal is to conduct a d etailed situational analysis of Y’s Men International affiliates in Europe and provide recommendations on how to deal with the situation. 2. Presenting the PROBLEM STATEMENT What is the scope of the project? ? PROJECT SCOPE Detailed situational analysis of Y’s Men International affiliates in Europe, focusing on outlining the high-performing areas and the areas of improvement, considering factors such as, but not limited to: o Membership o Fundraising revenues o Initiatives o Marketing engagement o Personal feedback of members Report summarizing key findings for (i) Europe Region as a whole and (ii) individual affiliates, including factors such as areas of improvement and high-performing areas. DELIVERABLES APPROACH Deliverable 1: 1. Identify relevant affiliates Europe-wide and create an exhaustive list with profiles of each. 2. Gather contact details of selected affiliate members, formulate questionnaires, or email messages to initiate the interview process aimed at gathering personal feedback of members. This is a time consuming step and should hence be started as early as possible to account for waiting times and prevent project delay. 3. Analyse each affiliate in depth based on carefully-chosen KPIs (membership nu"
DOC-121,C:\Users\User\Desktop\180 deliverables\Delivery 2 Y_s Men International.pptx,Delivery 2 Y_s Men International.pptx,.pptx,4958688,2026-07-04T13:45:38+02:00,4fd939bf25ca297e9bcbce1912b99c099e2a8c777344ff88cd63a88afc07fadf,,42,slide,consulting deliverable,Y s Men International,market research / growth; brand / marketing; operations / procurement,high,possible personal/contact or confidential data; commercial/financial data; client analysis and recommendations,,"September 2016 March 2022 Delivery 1 Y’s Men International Strive through active service to develop, encourage and provide leadership to build a better world for all humankind. Official Mission of Y’s Men International “ ” AGENDA Recap 2 Problem Statement & Research Process 3 External Analysis: Industry, Trends and Market 4 Internal Analysis: Survey results 5 Conclusions 6 Next Steps 7 1 Meet the Team Claudia Tarlotti Antoni Samerek Koppany Hajdo Katharina Stahl Amogh Ravishankara Fabian Sauer Meet the Team 1. INTRODUCING OUR TEAM Recup RECAP OF THE FIRST DELIVERABLE 1 The overall income continuously decreased over the past years → decreasing membership numbers Financial Analysis 2 Initiatives 3 ME is lacking, especially in the Europe Area. Most engaged: Denmark & Norway Marketing Engagement 4 9 relevant affiliates based on their growth Relevant Affiliates 3 different groups of initiatives. M ost active clubs: Denma rk & Norway Problem Statement How should Y’s Men International best address the challenge of an increasingly high average age among members? Our goal is to identify the key factors influencing Y’s Men Europe by conducting a detailed internal and external analysis . ? What is the scope of the project? 3 . Presenting the PROBLEM STATEMENT"
DOC-122,C:\Users\User\Desktop\180 deliverables\distributionTGT (2).pdf,distributionTGT (2).pdf,.pdf,3321457,2026-07-04T13:33:04+02:00,ba5b3f1d4d6810a4d21958d5b95b28f02db3ac74001ef7d974ea7e4ba77b89b3,DUP-004,41,page,unclear/review,The Green Table,sustainability / circular economy; brand / marketing; operations / procurement,low/unknown,manual review required,,The Green Table x 180DC Go-to strategy for entering Swedish market 180 DEGREES CONSULTING 2 Meet Your 180 Team These are the consultants dedicated to bringing your vision to life 180 DEGREES CONSULTING 3 Table of Contents 0201 Brand Image Data collect from primary and secondary sources along with TGT’s own brand image to help shape image Distribution and market analy sis Workshop Takeaways Secondary Data Primary Data Final Takeaways Convenience Stores Vending machines Online Groceries Competition Analysis Redefining the brand story in steps 180 DEGREES CONSULTING 5 Steps to building an exciting and engaging brand image Data on eating trends and emotional responses are collected using primary and secondary resources Collecting raw data Interpreting Findings Tailoring your image Drawing meaningful conclusions from data and interpreting statistics Using results to drive brand imaging decisions to guide TGT to create engaging image
DOC-123,C:\Users\User\Desktop\180 deliverables\distributionTGT.pdf,distributionTGT.pdf,.pdf,3321457,2026-07-04T14:00:04+02:00,ba5b3f1d4d6810a4d21958d5b95b28f02db3ac74001ef7d974ea7e4ba77b89b3,DUP-004,41,page,unclear/review,The Green Table,sustainability / circular economy; brand / marketing; operations / procurement,low/unknown,manual review required,,The Green Table x 180DC Go-to strategy for entering Swedish market 180 DEGREES CONSULTING 2 Meet Your 180 Team These are the consultants dedicated to bringing your vision to life 180 DEGREES CONSULTING 3 Table of Contents 0201 Brand Image Data collect from primary and secondary sources along with TGT’s own brand image to help shape image Distribution and market analy sis Workshop Takeaways Secondary Data Primary Data Final Takeaways Convenience Stores Vending machines Online Groceries Competition Analysis Redefining the brand story in steps 180 DEGREES CONSULTING 5 Steps to building an exciting and engaging brand image Data on eating trends and emotional responses are collected using primary and secondary resources Collecting raw data Interpreting Findings Tailoring your image Drawing meaningful conclusions from data and interpreting statistics Using results to drive brand imaging decisions to guide TGT to create engaging image
DOC-124,C:\Users\User\Desktop\180 deliverables\Eco-Logic Full Project.pdf,Eco-Logic Full Project.pdf,.pdf,5619637,2026-07-04T13:30:56+02:00,9a57df4fa9f728680f0bf1051759c748ecb11fd355020994810bd8835496eeac,,71,page,consulting deliverable,Eco-Logic,sustainability / circular economy; market research / growth; brand / marketing,high,commercial/financial data; client analysis and recommendations,PowerPoint Presentation,"Eco-Logic Thailand First Deliverable March 2026 2180 DEGREES CONSULTING Meet our consulting team Team Leader Theo Annendijck Consulting Director Anna Sloan Consultant Vedika Patil Willem Koelewijn Consultant Mudit Pandey Consultant Nandini Nair Consultant Marina Bretones Consultant 3180 DEGREES CONSULTING Executive summary This first deliverable lays the foundation for Eco-Logic Thailand’s growth strategy by clarifying how its mission-led model, integrated campus, and guest experience translate into concrete strategic levers for both revenue stability and impact resilience. The analysis of Eco-Logic’s mission, values, and operating model shows that the resort is more than an eco-lodge: it functions as a circular, community-embedded campus where farm-to-fork sourcing, natural materials, and a shared site with TCDF’s special needs school turn each stay into a visible contribution to local development. Benchmarking against eco-tourism trends and guest review data confirms that Eco-Logic’s core appeal lies in immersive nature experiences, organic food, and authentic community connection, with bungalows and nature-linked activities aligning closely with what eco-tourists value most in comparable destinations. At the same time, the current accommodation mix and demand pattern reveal a structural misalignment: while higher-priced private stays perform well, dormitories consistently underperform, and extreme seasonality compresses revenue into a short operating window, leaving substantial capacity and earning potential untapped outside peak months.​ The guest journey assessment further shows that Eco-Logic and TCDF share a strong underlying mission narrative, but this story is fragmented across channels and touchpoints, limiting its ability to convert guest enthusiasm into recurring support. Discovery is driven by trusted booking platforms and word of mouth, yet donation transparency at booking is low, the TCDF story relies heavily on staff conversations and one weekly foun"
DOC-125,C:\Users\User\Desktop\180 deliverables\Eco-Logic Thailand Project Brief.pdf,Eco-Logic Thailand Project Brief.pdf,.pdf,151625,2026-07-04T13:30:46+02:00,cc7a0c6654528813ed48e3939af765a05a01ec1be3d3e1f64dd99f1feb4bfec5,,3,page,proposal/brief,Eco-Logic,sustainability / circular economy; market research / growth; brand / marketing,medium,scope/internal planning,Eco-Logic Thailand Project Brief - Google Docs,"180 Degrees Consulting Project Brief — Eco-Logic Thailand PROJECT SCOPE Organizational Background: Eco-Logic Thailand is an eco-resort donating its proﬁts to the Thai Child Development Foundation. Eco-Logic, located in Southern Thailand, oﬀers its guests a wide array of experiences from yoga to Thai cooking classes. Their goal is to oﬀer guests an unforgettable cultural experience, as well as support sustainable tourism and the Thai Child Development Foundation. The TCDF focuses on supporting the children and their families in rural communities, especially children. They are committed to the positive development of education, healthcare, and sustainability in these communities. Project Brief: Eco-Logic Thailand has noticed that post-COVID, they have struggled to cater to the same number and type of travelers. This decreases their operational eﬃciency and ability to support the Thai Child Development Foundation. To support them, 180 Degrees Consulting Delft-Rotterdam will perform a number of tasks, including market and target audience analysis, as well as come up with new ways to reach their target audience. To kick oﬀ this project, the team will start by diving into Eco-Logic Thailand and everything they stand for and oﬀer. This will help the student consultants to better express and utilize Eco-Logic’s true qualities and aspirations in all subsequent sections. Once this has been completed, an assessment of current operations will be done. This will allow the team to clearly see what the pain points and strengths are in order to better recommend speciﬁc, reasonable outreach plans. After these initial steps, the team will begin with a market analysis. This market analysis will be over the whole eco-tourism industry in Thailand and Southeast Asia. The ﬁndings from this analysis will help the team identify the target audience. The target audience should be decided on in conjunction with the client (the client’s goal is to gain more solo (female) travels). After complet"
DOC-126,C:\Users\User\Desktop\180 deliverables\Eco-Logic x 180DC Service Agreement copy.pdf,Eco-Logic x 180DC Service Agreement copy.pdf,.pdf,298575,2026-07-04T13:30:50+02:00,84a9eadbd4c061e72ccc1b25edbb2ca9f1d9a06701aac15dc04c3317810e761c,,10,page,contract/agreement,Eco-Logic,sustainability / circular economy; brand / marketing; strategy,high,legal terms/signatures; commercial/financial data,Eco-Logic x 180DC Service Agreement - Google Docs,"Date: 15 / 01 / 2026 180 Degrees Consulting Delft-Rotterdam Foundation (KVK 74037587) and ECO LOGIC CO., LTD, 086354407000214 SERVICES AGREEMENT 1 Docusign Envelope ID: AE1DDA2C-51CC-4CA0-811B-708389FFC524 THIS AGREEMENT is made on ____________________ BETWEEN : 1. 180 Degrees Consulting Delft-Rotterdam Foundation (KVK 74037587) of Honingerdijk 71A01, 3063AK, Rotterdam (“the Branch ”); and 2. ECO LOGIC CO., LTD, 086354407000214 of M4, 71/4, Phato, Phato District, Chumphon 86180 (“the Client ”), each a “ Party ” and together the “ Parties ”. RECITALS : A. The Client has engaged the Branch to provide the Services to the Client in accordance with the terms of this agreement. IT IS AGREED AS FOLLOWS : 1. DEFINITIONS AND INTERPRETATION 1.1. Definitions In this agreement: 180 Degrees Consulting Global means 180 Degrees Consulting Limited (ACN 155 496 987). 180 Degrees Entities means 180 Degrees Consulting Global and its individual branches, licensees, franchisees, and affiliates (both in Australia and internationally), 180 Degrees Consulting US NFP (employer identification number 46-5092877) or a Related Entity of 180 Degrees Consulting Global. 180 Degrees Group means the Branch, 180 Degrees Consulting Global, and the 180 Degrees Entities. Claims means any and all actual or contingent claim, notice, demand, dispute, suit, action, potential cause of action, right, obligation, demand, proceeding, litigation, investigation, Page 2 Docusign Envelope ID: AE1DDA2C-51CC-4CA0-811B-708389FFC524 1/14/2026 judgment, damage, loss, cost, payment, expense or liability however arising, whether present, unascertained, immediate, future or contingent, whether based in contract, tort, at law, in equity or statute, and whether involving a third party or a party to this agreement, including, without limitation, claims arising out of or relating to, or in any way touching upon or connected with the Services or the matters the subject of this agreement. Nominee means 180 Degrees Consulting Glo"
DOC-127,C:\Users\User\Desktop\180 deliverables\Ecocity 2021.pptx,Ecocity 2021.pptx,.pptx,22677300,2026-07-04T13:45:14+02:00,1caafb3810d4bf4903515cbfd102fddb9fc8db9b4749cd9bdf51dd9ec66a6c54,,15,slide,unclear/review,EcoCity,sustainability / circular economy,medium,commercial/financial data,PowerPoint Presentation,"Clean, affordable & sustainable housing Currently 70% of African Urban Dwellers are living in Slums Housing challenge EcoCity solution Achievements to date Targets by 2022 Amount required Partners Providing ecofriendly housing made from shipping containers on a Rent to own offering. Beyond housing proving energy and life assurance services is something paramount All transactions are completely cashless Executive summary: Solving the African Housing C hallenge T hrough Ecofriendly Housing Ecocity is a Dutch property developer focused on providing affordable housing & student accommodation with the current focus being Africa . The company is, founded by Zambian social entrepreneur with extensive bottom of the pyramid businesses. Ecocity is looking for engaged partners who want to change the peri urban slum and low income housing standards for all Africans. Land Secured Utility Partner Secured Payment solution closed Institutional Offtake in progress Zambia Malawi Mozambique Liberia Ghana Sierra Leone 2500 Housing Units in Zambia completed by 2022 $37.5m Type of Funding being Debt/Equity for Zambia The challenge: (opportunity) Current Housing Systems Africa will have 1.2 Billion urban dwellers by 2050 Currently 70% of Urban Dwellers are living in Slums There are 4.5million entrants into informal Urban settlements every year Only 5%- 10% of Population can access a Mortgage or a Bank account Source: Center For Affordable Housing Africa Current Housing Deficit in Africa Africa has a housing deficit of close to 51 million with 40.4 of this figure being in urban settlements. Africa has an urban housing deficit of around 20.4 million. Zambia alone has a housing deficit of around 3.5 million with the peri urban slum deficit of 1.4 million. The average rental cost is $250 on the low income bracket According to a study by centre for affordable housing and finance,a house should between between $10,000 - $18,000 and sale for $20,000-$30,0000 to be affordable. Current development"
DOC-128,C:\Users\User\Desktop\180 deliverables\EGF - Final Report.pdf,EGF - Final Report.pdf,.pdf,1017965,2026-07-04T13:54:00+02:00,3de5777abbc7c7b3d92db92f71f85f75f6b7415c9655fe1ddbd25a57e9e2ff37,,40,page,consulting deliverable,EGF,market research / growth; brand / marketing; fundraising / partnerships,medium,client analysis and recommendations,,180 DEGREES CONSULTING Final Report – Fundraising Strategy Delft-Rotterdam Branch Van Empel Goldman Foundation 15/01/2024 180 Degrees Consulting 1 CONSULTANT PROFILES JULIAN SCHUERMANN TEAM LEADER JANA ELWAN CONSULTANT ARMAND MONA CONSULTANT VAN ANH TRAN CONSULTANT LUIS EGGERT CONSULTANT JERRISA WAYLAND CONSULTING DIRECTOR 180 Degrees Consulting 2 CONTENTS CONSULTANT PROFILES ................................ ................................ ................................ .... 1 EXECUTIVE SUMMARY ................................ ................................ ................................ ....... 3 FUNDAMENTALS OF EGF ................................ ................................ ................................ ... 4 MISSION AND RESOURCES ................................ ................................ ................................ ....... 4 PRODUCT/SERVICE OFFERING AND ALIGNMENT ................................ ................................ ...... 4 PROJECT OBJECTIVE ................................ ................................ ................................ ................. 4 EGF CURRENT FUNDRAISING DATA AND STRATEGY ................................ .......................... 6 CURRENT DONOR SEGMENTS ................................ ................................ ................................ .. 6 DONOR PROFILES ................................ ................................ ................................ ..................... 7 CURRENT DONOR CHANNELS................................ ................................ ................................ ... 9 DONOR CHANNELS – SWOT ANALYSIS ................................ ................................ ..................... 9 MARKET RESEARCH................................ ................................ ................................ .......... 14 MARKET RESEARCH – LANDSCAPE AND PRACTICES ................................ ............................... 14 BRAND AWARENESS – LANDSCAP
DOC-129,C:\Users\User\Desktop\180 deliverables\EGF Deliverable 1.pdf,EGF Deliverable 1.pdf,.pdf,683910,2026-07-04T13:53:52+02:00,a9a41abfa6eeb298cd9e7ccc33078e4a5970852417bf2820825f3c58ffc8ff1b,,15,page,consulting deliverable,EGF,brand / marketing; fundraising / partnerships; operations / procurement,high,commercial/financial data; client analysis and recommendations,,"EGF Internal Analysis & Current Strategy Evaluation 23/11/2023 PRESENTATION AGENDA EGF MISSION AND RESOURCES SERVICE OFFERING AND ALIGNMENT DONOR CHANNELS PROJECT OBJECTIVES DONOR PROFILES KEY TAKEAWAYS AND NEXT STEPS 180 DEGREES CONSULTING 3 INTRODUCTION TO EGF PERSONAL NETWORK01 PARTNERSHIPS02 FUNDS RAISED03 MISSION ACCOMPLISHED THROUGH THESE RESOURCES Improving living standards of underprivileged children in Indonesia and to enlarge their opportunities 180 DEGREES CONSULTING 4 PRODUCT/SERVICE OFFERING AND ALIGNMENT Impacting thousands of Indonesians students' lives EGF has raised €71,000 TRANSITION TO HYBRID EDUCATION DURING COVID -19 ENGLSH LANGUAGE DEVELOPMENT RENOVATION OF FACILITIES SEWING AND WELDING PROGRAMS 180 DEGREES CONSULTING 5 PROJECT OBJECTIVES Lombok scholarships for 40 students before the summer of 2024 LOMBOK SCHOLARSHIPS 30% = €60,000 Help students develop skills needed in the labor market of Indonesia COMMUNITY LEARNING CENTER 60% = €120,000 Having extra funds reserve FINANCIAL FREEDOM 10% = €20,000 Funds Distribution CREATING A FUNDRAISING STRATEGY → €200,000 in 2024 INCREASING BRAND AWARENESS More potential donors know about EGF’s mission Leading to more and larger: • Funds • Partnerships • Network"
DOC-130,C:\Users\User\Desktop\180 deliverables\EGF Deliverable 2 - Final.pdf,EGF Deliverable 2 - Final.pdf,.pdf,867736,2026-07-04T13:53:54+02:00,5dd8ff52e1585af4aded4e07756d0a2507ec510d0d897211c69c9218c4fbe0b9,,13,page,consulting deliverable,EGF,market research / growth; brand / marketing; fundraising / partnerships,medium,client analysis and recommendations,,"Market Research & Strategy Formulation 15/12/2023 PRESENTATION AGENDA Best Fundraising Practices Best Brand Awareness Practices Brand Awareness Strategies Fundraising Strategies Acquisition and Retention Plan Corporate Drivers 180 DEGREES CONSULTING 3 BEST BRAND AWARENESS PRACTICES FOR NONPROFITS This is a crowded market --> NGO needs to stand out by having a strong brand image that communicates EGF’s mission and story. Positioning of NGO Social media has the power to connect you to a new audience with every new post. Posting on Social Media Consistently Make sure your content is visual, notable videos, to provoke emotions. Communicate at Eye Level Convey an authentic message by focusing on a central character who embodies the impact of the organization’s work. Strategic Storytelling To strength the engagement and relationship with donor. Can be done in -person with events and online through interactive posts. Community Outreach 180 DEGREES CONSULTING 4 BEST FUNDRAISING PRACTICES FOR NONPROFITS Tell stories that highlight the effect of donations and how EGF utilise them. Engage donors by making them part of the narrative. Storytelling To Showcase Impact Focus on establishing stable funding through promoting recurring donations. Promoting Recurring Donation Programs Encourage donors to become advocates of EGF, enhancing fundraising effectiveness . Peer-to-Peer Campaigns for Expanding Reach Utilize modern methods like QR codes and text -to- give when meeting potential new donors. Integrating Advanced Giving Techniques • Use feedback to refine engagement strategies. • Track campaign performance for impact demonstration and future improvements. Collecting and Utilizing Donor Feedback Actively identify company matching gift programs to maximize support. Promoting Matching Gift Programs 180 DEGREES CONSULTING 5 BRAND AWARENESS STRATEGIES Building an Online Network Allows for continuous exposure to different segments globally • An interactive tool to engage with potential "
DOC-131,C:\Users\User\Desktop\180 deliverables\EGF Deliverable 3.pdf,EGF Deliverable 3.pdf,.pdf,1073701,2026-07-04T13:53:58+02:00,7bd153357225c222cd88e76404a302e7ba02b73f47c5e8aa69c55c761a36aa8a,,21,page,consulting deliverable,EGF,brand / marketing; fundraising / partnerships; strategy,medium,client analysis and recommendations,PowerPoint Presentation,"Implementation Plan, KPIs and Contingencies 15/01/2024 PRESENTATION AGENDA Best Practices for NGOs Brand Awareness Strategy Retention and Acquisition Marketing Content Ideas Implementation Timeline Brand Awareness – KPIs Account Best Practices for NGOs Fundraising Strategy Strategy Proposals Corporate Drivers Acquisition and Retention Implementation Timeline FUNDRAISING STRATEGY 180 DEGREES CONSULTING 4 BEST FUNDRAISING PRACTICES FOR NONPROFITS Tell stories that highlight the effect of donations and how EGF utilise them. Engage donors by making them part of the narrative. Storytelling To Showcase Impact Focus on establishing stable funding through promoting recurring donations. Promoting Recurring Donation Programs Encourage donors to become advocates of EGF, enhancing fundraising effectiveness. Peer-to-Peer Campaigns for Expanding Reach Utilize modern methods like QR codes and text-to- give when meeting potential new donors. Integrating Advanced Giving Techniques • Use feedback to refine engagement strategies. • Track campaign performance for impact demonstration and future improvements. Collecting and Utilizing Donor Feedback Actively identify company matching gift programs to maximize support. Promoting Matching Gift Programs 180 DEGREES CONSULTING 5 FUNDRAISING STRATEGIES 01 Targeted Campaigns: Launch goal-oriented campaigns showcasing EGF's capacity for deep, transformative impacts in Indonesia. Clear Objectives: Design each campaign with tangible goals, clarifying how every donation contributes significantly. Donor Engagement: Enhance donor's sense of contribution through transparency and clear demonstration of impact. Impact Reporting: Regularly update donors with detailed, visually compelling reports showcasing the progress and direct effects of donations. Focused Fundraising & Transparent Impact Reporting"
DOC-132,C:\Users\User\Desktop\180 deliverables\EXTENTED Final Delivery Y_s Men International.pptx,EXTENTED Final Delivery Y_s Men International.pptx,.pptx,10364301,2026-07-04T13:45:42+02:00,6729f0f23a008b2039ff4bab9eabc2f56e830efa4e16cea1ad16fb2efc7f8ff7,,61,slide,consulting deliverable,EXTENTED Y s Men International,market research / growth; brand / marketing; operations / procurement,high,possible personal/contact or confidential data; client analysis and recommendations,,"September 2016 March 2022 Delivery 1 Y’s Men International Strive through active service to develop, encourage and provide leadership to build a better world for all humankind. Official Mission of Y’s Men International “ ” AGENDA Recap 2 Problem Statement & Research Process 3 Internal Analysis: Survey results 4 External Analysis:Interview Results 5 Conclusions 6 Next Steps 7 1 Meet the Team Claudia Tarlotti Antoni Samerek Koppany Hajdo Katharina Stahl Amogh Ravishankara Fabian Sauer Meet the Team 1. INTRODUCING OUR TEAM Problem Statement How should Y’s Men International best address the challenge of an increasingly high average age among members? Our goal is to identify the key factors influencing Y’s Men Europe by conducting a detailed internal and external analysis . ? What is the scope of the project? 3. Presenting the PROBLEM STATEMENT Recap RECAP OF THE CONSULTING CYCLE February External Analysis March Interviews and Surveys April-May Final Deliverable May-June The number of clubs decreased in each area due to shrinking membership numbers. Internal Analysis of Y’s Men Europe Antoni 01 02 Identified 9 best and worst performing clubs based on growth 03 Eastern Europe saw the biggest decreases in membership while the West remained stable 41% of all Europeans stated that they were not interested in participating in active citizenship activities - Time issues Increasing potential for volunteering, however its nature is becoming more spontaneous and short term Y’s Men is positioned market niche where are a target segment will be defined based on interviews with YMCA The age of new members joining Y’s Men has more than doubled from 30 to 66 Survey obtained 311 responses from Y’s Men members. Interviews with YMCA and Rotary. Old clubs support new clubs, variety of activities, social media strategy Final presentation shows insights from survey and interviews. Report will be provided with all findings. Clubs and Areas that score high on activities experience higher growt"
DOC-133,C:\Users\User\Desktop\180 deliverables\Final Market Analysis 2.pptx,Final Market Analysis 2.pptx,.pptx,52265153,2026-07-04T13:54:34+02:00,15c86ed2b505e8f99ea85ae52f4afa6cd53e38f2f5b4b613e4be8167e4aaa170,,71,slide,consulting deliverable,Pee Safe,market research / growth; brand / marketing; digital / product,high,commercial/financial data; client analysis and recommendations,,"September 2016 November 2023 Pee Safe Market Expansion Deliverable 1 Table of contents Product Analysis Sanitary Pads & Panty Liners (Applicator) Tampons Anti-Chafing Sticks and Creams Intimate Wash for Men Menstrual Cups Sweat Pads Product Placement Analysis Guidelines Cost Structure Product Placement Strategies Guerilla Marketing Strategie s Improvement Options Product Analysis Within the 4 focus categories, Pee Safe sells 6 product lines Men Hygiene Period Care Anti-Chafing Anti-Chafing Sticks Pads & Panty Liners Intimate wash for men Sweat Pads Tampons Menstrual Cups Sweat Pads Products Analysis Sanitary Pads and Panty Liners"
DOC-134,C:\Users\User\Desktop\180 deliverables\FINAL PRESENTATION (2).pptx,FINAL PRESENTATION (2).pptx,.pptx,10752507,2026-07-04T13:50:56+02:00,472bc0599a3afefc26c24ec133dcff311fac933394d81ee950b2a56796da3bc0,,61,slide,proposal/brief,Hartige Samaritaan,market research / growth; brand / marketing; organization / governance,medium,scope/internal planning,,THE TEAM Eduardo Perestrelo CONSULTANT Carlos Valladolid CONSULTANT Eva Brink Carvalho CONSULTANT Jesse Hummel CONSULTANT Fabrizia Fappiano TEAM LEADER Killian Dally CONSULTANT Isabelle Goess-Enzenberg CONSULTANT José Ignacio de Alvear Cárdenas CONSULTING DIRECTOR TABLE OF CONTENTS Future Growth Implementation Timeline Project Scope & Approach Marketing Recruitment - Volunteers Meet Hartige Samaritaan Recruitment - Refugees Social Media TABLE OF CONTENTS Future Growth Implementation Timeline Project Scope & Approach Marketing Recruitment - Volunteers Meet Hartige Samaritaan Recruitment - Refugees Social Media MEET HARTIGE SAMARITAAN 3 year old student organisation based in Delft INTEGRATION of refugees in the Dutch society INTERACTION between locals and refugees
DOC-135,C:\Users\User\Desktop\180 deliverables\Final Presentation.pptx,Final Presentation.pptx,.pptx,9558570,2026-07-04T13:50:28+02:00,d780df665c03452a3c6f995d4eeac6ce004a9f45558ebf37c9aa178f3235d8d5,,36,slide,consulting deliverable,unresolved,sustainability / circular economy; market research / growth; business plan / financial,medium,client analysis and recommendations,,"September 2016 May 2020 Quantum Energy x 180 DC Delft-Rotterdam Final Deliverable: Problem Solution INTRODUCTION Introduction Business Finance Conclusion Table of Contents PROBLEM DEFINITION Quantum Energy’s identified major problems. Quantum Energy is coming into market with their new product ‘GETI’ Unsure about the viability of the business model and needs help refining it The product will be initially launched in Guatemala, with further possible expansion to other suitable countries Quantum also needs help identifying valid funding opportunities to support their mission BUSINESS Introduction Business Finance Conclusion"
DOC-136,C:\Users\User\Desktop\180 deliverables\Final Report.pdf,Final Report.pdf,.pdf,819264,2026-07-04T13:55:58+02:00,f11a86bebba9d13f251ab28c1b39154590435b5b8f430543e7470a27fe487e42,,40,page,consulting deliverable,unresolved,sustainability / circular economy; market research / growth; brand / marketing,medium,client analysis and recommendations,Final Report.docx,"180DEGREESCONSULTING Reporttemplateversion1.1 CONSULTANTPROFILES VANANHTRANTEAMLEADv.tran@180dc.org SIAOHAN(LILY)HUANGCONSULTANT JULIAPOLOWIECCONSULTANT PAULGUSTAVWEILANDCONSULTANT MATTHEWGIBBSCONSULTANT DANIACUEVASVILLEGASCONSULTANT OMARELKHAMLOUSSYCONSULTINGDIRECTORo.elkhamloussy@180dc.org 180Degrees Consulting 2 CONTENTS CONSULTANTPROFILES 2 EXECUTIVESUMMARY 4 FUNDAMENTALSOFPROJECTCECE 5 CURRENTOPERATINGMARKET 5 COMPETITORANALYSIS 7 SUSTAINABILITYREGULATIONS&DIRECTIVES 8 EUSUSTAINABLETAXONOMY 8 ACM’SGUIDELINESUSTAINABILITYCLAIMS 11 EUSTRATEGYFORSUSTAINABLE&CIRCULARTEXTILES 15 OTHERTRENDSINSUSTAINABILITYREPORT&STANDARDS 18 RECOMMENDATIONS 21 OPPORTUNITIES&RISKS 21 TAG&LABELSYSTEMASSESSMENT 22 CSRDALTERNATIVES 29 FUNDINGOPPORTUNITIES 34 REFERENCELIST 36 DISCLAIMER 38 180DEGREESCONSULTING 40 180Degrees Consulting 3 EXECUTIVESUMMARY Withtheincreasinglytighteningsustainabilityregulationsanddirectives,especiallyfromtheEuropeanUnion,fashionbrandsandanyrelatedpartiesarerequiredtoputfurthereﬀortintoensuringtheirtransparencyintermsoftheirsustainableeﬀorts.Coupledwiththerisingdemandforsustainablefashion,thisenvironmentcanbefavorableforProjectCece'scurrentmarketpositionaswellasfuturegrowth.Nevertheless,substantialeﬀortinnavigatingthesustainabletaxonomylandscapeis neededto ensureanup-to-parandrobusttaggingframeworkandveriﬁcationsystem.ProjectCece’s operatingmarketisanalyzedandin-depthresearchonthesustainabletaxonomylandscapesandrelevanttrendsinﬂuencingthefutureprospectofitscompetitiveadvantageas wellas partnerbrands.Theexistingtagandlabelsystemsareevaluatedaccordinglyto ensuresustainableclaimsare well-veriﬁedand enhancetheclassiﬁcationandcategorizationframework.FurtherrecommendationsareprovidedtosustainandamplifyProjectCece’smarketpositionandresilientgrowth. TheEUsustainableregulationsanddirectivelandscapeis shiftingitsattentiontonotonlypromotingsustainableinitiativesbut alsopreventingfalsiﬁedclaimsandgreenwashingintentions.Withthesustainableclaimguideline,TheNetherlandsAutho"
DOC-137,C:\Users\User\Desktop\180 deliverables\Final_delivarable_2.pdf,Final_delivarable_2.pdf,.pdf,903750,2026-07-04T13:46:32+02:00,a0dd53c3876a0044acb6dd2d98c1c45fefb331a452992bac3ff03a1947f52c92,,29,page,consulting deliverable,Final delivarable,market research / growth; operations / procurement; digital / product,high,commercial/financial data; client analysis and recommendations,Final_delivarable_2,"September 2016 26 April 2022 Deliverable 2 Lanefyld 1 180 DEGREES CONSULTING 2 Remember the team Intro | User interviews | Relatives | Stores | Scoozy | Conclusion | Next Steps 180 DEGREES CONSULTING 3 Presentation Outline Research Process Interviews Users Interviews Stores Interviews Relatives Next steps Intro | User interviews | Relatives | Stores | Scoozy | Conclusion | Next Steps 180 DEGREES CONSULTING 4 Key Insights Insights from all interviews Remarks 01 02 03 04 Different perspectives Users are less price sensitive compared to the resellers Responses No major differences were found in the responses of elders and relatives Price Willingness to pay for the product is closely related to income Market Niche market focused on Design & T echnology Consider if products should be sold in stores or online Intro | User interviews | Relatives | Stores | Scoozy | Conclusion | Next Steps 180 DEGREES CONSULTING 5 Recap Deliverable 1 - Iterative interview process - T arget groups selected: seniors, relatives, stores INTERVIEW APPROACH - Demographics - Rollator purchasing - Therapists - Price indications - Rollator usage INTERVIEW QUESTIONS - Lack of ﬁnancial knowledge - Issue transmission value proposition - Interview challenges - Missing customers FIRST INSIGHTS Intro | User interviews | Relatives | Stores | Scoozy | Conclusion | Next Steps"
DOC-138,C:\Users\User\Desktop\180 deliverables\FinalReport_HartigeSamaritaan_180DC.pdf,FinalReport_HartigeSamaritaan_180DC.pdf,.pdf,619341,2026-07-04T13:50:42+02:00,6ad489676dbf18d84d6eef0a86f0b46682a5956f431c51419b869c463f16b58c,,101,page,consulting deliverable,Hartige Samaritaan,market research / growth; brand / marketing; organization / governance,medium,client analysis and recommendations,FinalReport_HartigeSamaritaan_180DC,"1180 DEGREES CONSULTING Innovative strategies to boost integration 180 Degrees Consulting Delft Hartige Samaritaan 17/06/2019 CONSULTANT PROFILES J OSÉ IGNACIO DE ALVEAR CÁRDENAS CONSULTING DIRECTOR A FAPPIANO C ARLOS V ALLADOLID C ARLOS V ALLADOLID CONSULTANT CONSULTANT K ILLIAN D ALLY CONSULTANT E GOESS - ENZENBERG LTANT J ESSE HUMMEL J ESSE HUMMEL CONSULTANT CONSULTANT EDUARDO PERESTRELO CONSULTANT 180 Degrees Consulting 2 EXECUTIVE SUMMARY This report is intended as a strategy document that will show all key recommendations to better achieve the main goal of the foundation Hartige Samaritaan: strengthening integration of refugees in the Dutch society. This document provides the reader with the current situation of the foundation, followed by recommendations on how to improve the encountered problems and how to implement these. The report aims to provide the foundation with the necessary strategy documents for marketing, recruitment, social media and future growth, to successfully achieve their main objective: refugee integration. The proposed strategies are based on the analysis of available data, meetings with the board members of the foundation and interviews with relevant people. The report’s structure builds up to feasible recommendations for Hartige Samaritaan, clustered according to the main strategy fields and are as follows: 1. Social Media ● Increase activity ● Ease access to information ● Diversify content 2. Marketing ● Focus on the foundation’s objective ● Quantify social impact ● Quantify campaign impact 3. Recruitment Dutch Volunteers ● Recruit outside CSR ● Improve communication ● Improve Volunteer’s experience 4. Recruitment Refugee Volunteers ● Improve communication ● Improve Refugee experience ● Improve reach to organisations 5. Future Growth (based on case studies) ● Local ● National 180 Degrees Consulting 3 CONTENTS CONSULTANT PROFILES ................................................................................ 2 EXECUTIVE SUMMARY ......."
DOC-139,C:\Users\User\Desktop\180 deliverables\First Deliverable.pdf,First Deliverable.pdf,.pdf,3378458,2026-07-04T13:51:12+02:00,495b1948e7cb70a1f6033c86295238c373f9114d7dfe2f5c5b535afac10bb868,,22,page,consulting deliverable,First,digital / product; strategy,medium,client analysis and recommendations,,"1. 2. 3. 4. 5. 6. 7. Interaction between citizens, students and refugees Integration of refugees in Dutch society Projects and Activities ● Restaurant ● Eetwisseling ● Stall on the Delft Market ● Boek ‘Vriendelingen’ ● Receptenboek • • • • • Problem Hypothesis Identify potential barriers to achieving the speciﬁed objectives. Identify root causes of the identiﬁed barriers. Hypothesis Test Carry out data analysis to verify the causal relationship between the barrier and the root cause. Reject or accept hypothesis. Case Study Identify comparable foundations, companies or associations. Identify and adapt successfully applied strategies. Recommendation Formulate potential strategies to overcome the identiﬁed barriers and achieve the foundation’s objectives."
DOC-140,C:\Users\User\Desktop\180 deliverables\FlexSea - 3rd Deliverable.pdf,FlexSea - 3rd Deliverable.pdf,.pdf,1642770,2026-07-04T13:46:48+02:00,fe4d4fc5d7e53ae4618789fd683eb468836c9e1eab17fdd7f81231264130451b,,47,page,consulting deliverable,FlexSea,market research / growth; digital / product; strategy,medium,client analysis and recommendations,FlexSea - 3rd Deliverable,September 2016 30th May 20223RD DELIVERABLE: MARKET ENTRY STRATEGY FLEXSEA AGENDA 180 DEGREES CONSULTING 3 AGENDA 1 2 3 4 5 6 7 Remember the T eam Research Scope Products Overview Q&A Appendix Conclusions Product Analysis REMEMBER THE TEAM 180 DEGREES CONSULTING 5 MEET THE TEAM Javier Serrano Katarina Filipas Emma Bockholdt Alessandro Pozzetto Finn Scheff Rima Arab Martino Giobbio
DOC-141,C:\Users\User\Desktop\180 deliverables\Fundraising Slide Deck.pdf,Fundraising Slide Deck.pdf,.pdf,4505948,2026-07-04T13:54:58+02:00,a11860855fd13bdc8efeebe9f720c2d6191068c6e2ff95f7c196def534de1d3e,,66,page,consulting deliverable,BCI,market research / growth; brand / marketing; fundraising / partnerships,medium,client analysis and recommendations,,180 DEGREES CONSULTING DELFT-ROTTERDAMPhase 1 Presentation 180 DEGREES CONSULTING DELFT-ROTTERDAM Project Overview Project OverviewSituational AnalysisFundraising Channel AnalysisDonor Analysis Next StepsMarket Research Market research Situational analysis Donor analysis Fundraising channel analysis Next steps Project Overview 180 DEGREES CONSULTING DELFT-ROTTERDAM Project Overview Project OverviewSituational AnalysisFundraising Channel AnalysisDonor Analysis Next StepsMarket Research We have completed the first phase of the project for Barefoot College International by understanding their fundamentals and identified their target donor segments Key activities Key Deliverables •Understand the fundamentals of BCI•Analyse current donor base and donation channels •Background of BCI’s mission and vision to generate a problem statement•Collect donation data and develop a donor profile •Evaluate the effectiveness of each identified channel •Conduct market research Situational analysisPhase 1 •Develop a fundraising strategy •Develop a fundraising strategy to target each identified donor segment •Identify the optimal channel(s) to reach donors•Determine how engagement will be maximised across each channel Strategy formationPhase2 •Create an implementation plan•Develop a brand enhancement strategy •Create a timeline for implementing the formulated fundraising strategies•Establish key performance indicators to track and evaluate each channel and strategy•Develop a brand enhancement strategy that aligns with BCI’s mission and values and resonates with the target audience. Implementation guidelinesPhase3 180 DEGREES CONSULTING DELFT-ROTTERDAM Project Overview Project OverviewSituational AnalysisFundraising Channel AnalysisDonor Analysis Next StepsMarket Research Executive summary of research methodologiesResearch methodologies usedRationaleSituational analysisIdentified the key focus areas of BCI’s mission and vision and contextualized them to the current donation landscapeUnder
DOC-142,C:\Users\User\Desktop\180 deliverables\GoodHout_Problem_and_Context.pptx,GoodHout_Problem_and_Context.pptx,.pptx,13480584,2026-07-04T13:48:08+02:00,6d83bfcb5f0efcf65c10580f14ccc745f02490f8e7f4c9d422e07f6860a17530,,14,slide,proposal/brief,GoodHout,sustainability / circular economy; market research / growth; operations / procurement,high,commercial/financial data; scope/internal planning,"Continue Empowering and Sending a Smile to Jamestown, Ghana and the World","Goodhout Changing the world , one coconut at a time!​ Problem & Context Analysis April 2021 Vivienne Dubourg , Pien Roelofs , Eva Brcic , Emir Sarlak , Nikolaus Stern, Dan Sharell, Tetsu Park 1 2 3 4 5 Agenda Dan Sharell Team Leader MSc Strategic Management Emir Sarlak Consultant BSc Aerospace Engineering Eva Brčić Consultant BSc Psychology Nikolaus Stern Consultant BSc International Business Administration Pien Roelofs Consultant MSc Global Business & Sustainability Vivienne Dubourg Consultant BSc International Business Administration Tetsu Park Consultant BSc International Economics and Business Economics Our Team The company: GoodHout The project scope The product Our way forward Your 180 Degrees Consulting team 01 MEET THE COMPANY Dutch start up (2014) Founded by Silvia ten Houten B2B model Vision: Adding value into waste products in a sustainable way Give back to local communities First product launch this year 100% coconut husk panels No chemicals added Focus on interior. Patented production process Customers range from architecture designers to manufacturers. Close waste loops Raw waste material from Asia No toxic ingredients or waste Short term: work with small businesses and artists Long-term: produce panels on a large scale in a developing country Increase product range 02 THEIR PRODUCT 03 CUSTOMERS & SUSTAINABILITY FOCUS 04 LOOKING FORWARD This is GoodHout Our Team The company: GoodHout The project scope The product Our way forward Setting up a value based pricing strategy defined as project scope Determine the best pricing strategy for Goodhout ‘ s products A ssist the product launch Create a better understanding on how to position the company in the market . Our Team The company: GoodHout The project scope The product Our way forward"
DOC-143,C:\Users\User\Desktop\180 deliverables\GRF Deliverable 1 - Construction.pdf,GRF Deliverable 1 - Construction.pdf,.pdf,2636385,2026-07-04T13:58:56+02:00,71e67e30f6e9fee4a5af529c17c93e3e6483bf7c1f4cacd3a514f8ece2ce51b1,,36,page,consulting deliverable,GRF,sustainability / circular economy; market research / growth; business plan / financial,high,commercial/financial data; client analysis and recommendations,,"DELFT - ROTTERDAM Rock Flour Company x 180DC New Market Entry & Value Proposition 2180 DEGREES CONSULTING Meet Our Great Team This is team 2 of the Greenlandic Rock Flour Project, focused on the construction market Team Leader George Ionescu Consultant Fredrik Nygaard Løvåsen Consultant Antonios Dimitriou Consultant Lakshmi Pavithran Consultant Pieter van Donk Consultant Matthew Gibbs 180 DEGREES CONSULTING 3 Topics This section will go into the total addressable market and global construction market trends Market Analysis and Opportunities01 This section will dive into the the competitors of rock flour, and their opportunities and threats Competitor Overview and SWOT Analysis02 This section will go into the Value Proposition and the VP statement using the Value Proposition Canvas Value Proposition Statement04 This section will dive into the estimated costs of production and shipping along with giving an estimate of the added monetary value of carbon credits Cost Estimates and Pricing Strategy03 180 DEGREES CONSULTING 4 The Greenlandic Rock Flour Current Situation GRF is a young company that aims at revolutionizing the agriculture industry by creating carbon negative solutions • Greenlandic Rock Flour was founded in 2023 • The company will extract the rock flour in Greenland • They aim at beginning extraction around 2027 • The main market concerned is agriculture due to GRF’s soil remineralization capabilities Company Introduction • GRF is 100% natural, non- toxic, ultra-fine rock powder • It is packed full of essential minerals and nutrients to support healthy soils and plant growth • It’s the same natural starting material behind the world's most fertile agricultural soils The Product • GRF aims to explore the construction market as a carbon-negative additive • GRF aims at replacing traditional additives like fly ash and slag • GRF aims to actively contribute to carbon reduction efforts, and regulatory compliance​ Construction Aspirations • Identity a potential ma"
DOC-144,C:\Users\User\Desktop\180 deliverables\Headhunter x 180DC - Deliverable 1-3 Deck.pdf,Headhunter x 180DC - Deliverable 1-3 Deck.pdf,.pdf,3299572,2026-07-04T13:59:48+02:00,2e7cbce2e03e4748847134b85eece6f26edd2e888e443a7baaf6f17e6107e5e9,,85,page,proposal/brief,Headhunter,fundraising / partnerships; operations / procurement; business plan / financial,medium,scope/internal planning,,"Headhunter x 180 Degrees Consulting 1. Cybersecurity & Data Privacy Risk Identification and Assessment 180 DEGREES CONSULTING 2 ZHI YU YAP TEAM LEADER FREDERICK AUER CONSULTANT JOSEP CASANOVAS MAJOR CONSULTANT KEVIN CHEN CONSULTANT KONSTANTIN YUGOV CONSULTANT OURANIA EXARCHOU CONSULTANT LINA PUTHENGOT CONSULTING DIRECTOR Meet Your 180 Degrees Consulting Team 180 DEGREES CONSULTING 3 Presentation Agenda Deliverable 1 focuses on assessing and identifying risks with THG’s current cybersecurity and data privacy practices. Cybersecurity Threat Risk Assessment 1. Asset and System Risk Assessment GDPR Compliance Risk Assessment Next Steps in Deliverable 2 2. 3. 4. 5. Introduction & Background of Project Laying the foundation by understanding THG’s company operations, current EU data protection and cybersecurity landscape for businesses and “180DC x THG” project vision 1. Introduction & Background of Project BUSNESS PROPOSAL 5180 DEGREES CONSULTING The Headhunter Group delivers effective talent matches with a specialized data-driven pairing approach A boutiqueexecutivesearch firm specializedin recruitingtop-tier professionals for financialinstitutions,private equity firms, and their portfoliocompanies. 180DC’S UNDERSTANDING OF THG Industry Expertise: Specializes in Finance & Investment Management sectors. Technology-Driven: Utilizes automation and artificial intelligence to enhance recruitment processes. Extensive Network: Maintains a broad network of elite professionals and top-tier organizations. Candidate-Centric Approach: Empowers candidates by prioritizing their preferences and aspirations. The Headhunter Group’s talent placement process is tailored to align top professionalswith organizations'specific needs based on gathered data. DATA-DRIVEN TALENT PLACEMENT PROCESS Client Consultation: Engages with clients to understand their employment requirements and company culture. Targeted Search: Leverages industry expertise and extensive networks to identify suitable candida"
DOC-145,C:\Users\User\Desktop\180 deliverables\Indication prix----TK2012023007A-2-BCI.pdf,Indication prix----TK2012023007A-2-BCI.pdf,.pdf,624869,2026-07-04T13:54:42+02:00,3a6513f9964d3ed05346ea1c01f4cc985d600b640d229e8bef64c1d9f3a1b934,,1,page,reference/source,BCI,sustainability / circular economy,high,possible personal/contact or confidential data; commercial/financial data; third-party copyrighted source,,"facture nº TK2012023007A-2 BCI Date de livraison M. SECCHI pays d'origine terme de négociation délai de paiement N° Description Quantité Prix Unitaire FCFA Montant FCFA 1 1 126350,00 126350,00 2 1 694570,00 694570,00 3 1 265640,00 265640,00 TAKOUSSANE ENERGY Takoussane Energy - BP 302 Rufisque Ouest, Dakar - Sénégal Adresse de destination Numéro de téléphone du client RC: SN DKR 2016 M 1436 | NINEA: 005711090 Constacts: Seynabou / Claire TEL:+221 33 836 67 83 Email: contact@takoussane.com Batterie SunXellence™ 200AH 12V GEL à Décharge Profonde Long Life Module Jinko Tiger MONO-FACIAL JKM475M-7RL3-V 475Wc Onduleur / Chargeur EPEVER UP1000- M3222 Entreprise Nom du contact Renseignements Indication Prix"
DOC-146,C:\Users\User\Desktop\180 deliverables\JEDI_network_180DC_Deliverable_2_report.pdf,JEDI_network_180DC_Deliverable_2_report.pdf,.pdf,2781437,2026-07-04T13:53:10+02:00,d799b24110b747055426d96661bd49e3456dcf1ec3b56670db844e5951e8e081,,16,page,consulting deliverable,JEDI Network,market research / growth; brand / marketing; operations / procurement,medium,client analysis and recommendations,,"180 Degrees Consulting Delft-Rotterdam Deliverable 2 JEDI - network Creating a meaningful social media strategy for the JEDI-network Consultants: Youmna Abboud Maarten de Lege Radoslaw Lodzinski Eliza Pawlak Timotej Sloboda Ana Christina Vos Team Leader: Nicolas Will - n.will@180DC.org Consulting Director Alessio Mortillaro - Alessio.Mortillaro@180DC.org February 9, 2023 Contents 1 Foreword 2 2 Introduction 2 2.1 Purposes of Social Media Channels . . . . . . . . . . . . . . . . . . . . . . . . . . . . . . . . . . . 2 2.2 The relevance of user activity and changes over time . . . . . . . . . . . . . . . . . . . . . . . . . 2 2.3 The need for customized social media strategies . . . . . . . . . . . . . . . . . . . . . . . . . . . . 4 3 Social Content Strategies 4 4 Strategy Selection 6 5 Exemplary Social Media content 7 5.1 Facebook & Instagram . . . . . . . . . . . . . . . . . . . . . . . . . . . . . . . . . . . . . . . . . . 7 5.2 TikTok, Twitter & YouTube . . . . . . . . . . . . . . . . . . . . . . . . . . . . . . . . . . . . . . . 11 6 Conclusion 13 References 15 1 1 Foreword The work for the last delivery of the project ""JEDI - network"" ""Creation of a meaningful social media strategy"" is based on the previous work and reports for this client. Especially, the social media audit and the competitor and market analysis of global and local NGO’s. All previous reports and insights can be obtained by either reaching out to the Consulting Director (Alessio Mortillaro) or to the Team Leader (Nicolas Will). 2 Introduction It is no secret or a surprise that social media has become an accepted part of our lives. The latest figures show that the average person spends six hours and thirty-seven minutes on the internet with certain countries even reaching the 9th-hour mark (Lin Y - a. Oberlo, 2022). Of these six hours, a staggering two hours and twenty-seven minutes are spent browsing through social media (Lin Y - b. Oberlo, 2022). This technological phenomenon has given organi"
DOC-147,C:\Users\User\Desktop\180 deliverables\JKM455-475M-7RL3-V-A1-EN.pdf,JKM455-475M-7RL3-V-A1-EN.pdf,.pdf,570312,2026-07-04T13:54:46+02:00,7e899280aea47df669f93f6d630db6bb26b641e287ed6d4cdd9165f9dfddbf3a,,2,page,unclear/review,JKM M RL V A EN,sustainability / circular economy; digital / product,low/unknown,manual review required,TR JKM445-465M-7RL3-(V)-D4-EN.ai,"www.jinkosolar.com 455-475 Watt Tiling Ribbon (TR) Technology Tiger Mono-facial Positive power tolerance of 0~+5W ISO9001:2015, ISO14001:2015, OHSAS18001 certified factory IEC61215, IEC61730 certified product KEY FEATURES TR technology + Half Cell TR tec hnology with Half cell aims to eliminate the cell gap to increase module efficiency (mono-facial up to 21.16%) 9BB instead of 5BB 9BB technology decreases the distance between bus bars and finger grid line which is benefit to power increase. POWER YIELD Higher lifetime Power Yield 2.5% first year degradation, 0.6% linear degradation Best Warranty 12 year product warranty, 25 year linear power warranty 25 year Avoid debris, cracks and broken gate risk effectively 9BB technology using circular ribbon that could avoid debris, cracks and broken gate risk effectively 83.1% 90% 97.5% 100% 1 5 12 25 years Guaranteed Power Performance linear performance warranty Standard performance warrantyAdditional value from Jinko Solar’s linear warranty 12 Year Product Warranty 25 Year Linear Power Warranty 0.6% Annual Degradation Over 25 years LINEAR PERFORMANCE WARRANTY (Made in China/Malaysia/U.S/Vietnam) Packaging Configuration the information presented hereby. Engineering Drawings SPECIFICATIONS Mechanical Characteristics Cell Type No.of cells Dimensions Weight Front Glass Frame Junction Box Output Cables 26.1 kg (55.12 lbs) IP67 Rated Electrical Performance & Temperature Dependence Irradiance 1000W/m 2 AM=1.5STC : Irradiance 800W/m 2 AM=1.5NOCT: Power measurement tolerance: -3~+3%* * Wind Speed 1m/s Module Type Maximum Power (Pmax) Maximum Power Voltage (Vmp) Maximum Power Current (Imp) Open-circuit Voltage (Voc) Short-circuit Current (Isc) Module Efficiency STC (%) Operating Temperature(℃) Maximum system voltage Maximum series fuse rating Power tolerance Temperature coefficients of Pmax Temperature coefficients of Voc Temperature coefficients of Isc Nominal operating cell temperature (NOCT) Cell Temperature 25°C Ambient Temperat"
DOC-148,C:\Users\User\Desktop\180 deliverables\JoyBugs Deliverable 2 Final.pdf,JoyBugs Deliverable 2 Final.pdf,.pdf,3583868,2026-07-04T13:51:58+02:00,b575c36f94ffcbb55eb1920e7e761d979864dcd186dcc7c0d2e95c841652f3ff,,25,page,consulting deliverable,JoyBugs,fundraising / partnerships; strategy,medium,client analysis and recommendations,JoyBugs Deliverable 2 Final,"DATE TITLE SUBTITLE Strategy - JoyBugs 2nd Deliverable 9th December 2022 180 DEGREES CONSULTING 2 TODA Y'S AGENDA Objectives Deﬁnition Next steps Strategy Break-down 180 DEGREES CONSULTING 3 MEET OUR TEAM Consultant Mikael Consultant Yasemin Consulting Director Laetitia Consultant Constantin Consultant Mathis Consultant Giorgio Team Leader Abby OBJECTIVES DEFINITION 180 DEGREES CONSULTING 5 JOYBUGS MAIN OBJECTIVE IS TO BREAKEVEN ● Within the next 6 months ● At the current level of investment ● Given the assumption that entering the market is possible Source: JOYBUGS, (2022) OBJECTIVES DEFINITION"
DOC-149,C:\Users\User\Desktop\180 deliverables\JoyBugs Deliverable 3.pptx,JoyBugs Deliverable 3.pptx,.pptx,27457750,2026-07-04T13:52:06+02:00,8d58c81a8294df561cdaec05709df854d98f6e956c4d61e42013493dd6af5cd8,,26,slide,consulting deliverable,JoyBugs,brand / marketing; strategy,medium,client analysis and recommendations,,"Marketing Assessment - JoyBugs 3nd Deliverable 13 th January 2023 MEET OUR TEAM Consultant Mikael Consultant Yasemin Consulting Director Laetitia Consultant Constantin Consultant Mathis Consultant Giorgio Team Leader Abby TODAY'S AGENDA Marketing Recommendations Marketing Framework JoyBugs Value Proposition B2B Content JOYBUGS VALUE PROPOSITION In 100 grams of Locusta Migratoria (490 calories) there are about: High Protein Content: Grasshoppers have a higher protein content than many other animal and plant sources like chicken, eggs, and beans NUTRITIONAL BENEFITS JOYBUGS VALUE PROPOSITION Minerals and active compounds: Locusta migrota has active compounds such as chitin, retinol, vitamin D, vitamin B12, variety of carotenoids and antioxidant peptides that can provide protection against diseases such as chronic kidney and neurodegenerative disorders, cardiovascular disease, diabetes and skin problems."
DOC-150,C:\Users\User\Desktop\180 deliverables\Kevlinx Project Brief.pdf,Kevlinx Project Brief.pdf,.pdf,182573,2026-07-04T13:31:00+02:00,65ddf73ce0681da043b2092e25e1e5d073640baaf330c35fa26c9c92d4aec60c,,7,page,proposal/brief,Kevlinx,sustainability / circular economy; market research / growth; fundraising / partnerships,high,commercial/financial data; scope/internal planning,Kevlinx Project Brief - Google Docs,"180 Degrees Consulting Project Brief — Kevlinx PROJECT SCOPE Organizational Background & Project Introduction: Kevlinx Data Centers is a European wholesale colocation provider focused on delivering AI-ready, future-proof, and sustainable infrastructure. With the launch of BRU01 in Brussels, Kevlinx is operating in a highly regulated, capital-intensive environment where decisions around power, space, compliance, and customer experience have long-term ﬁnancial consequences. Unlike hyperscale cloud providers, wholesale data centers operate on multi-year investment horizons, constrained by power availability, planning permissions, and customer contracts. As a result, AI adoption at Kevlinx is not about experimentation or consumer-grade automation. It is about deploying operationally realistic, on-premise, sovereign AI that improves decision-making, reduces friction, and increases capital eﬃciency without increasing organisational complexity. All AI use cases considered in this engagement should assume deployment using open-source models such as NVIDIA’s Nemotron-3, running fully on-premise at BRU01, with vLLM (or similar) as the primary inference engine. This ensures data sovereignty, regulatory trust, and technical feasibility within a standard enterprise server footprint. Across all four workstreams, the guiding principle is practicality. Kevlinx is seeking AI that can be deployed today, inside its own facilities, using modest hardware and open-source models, without creating new regulatory or operational risk. Consultants are expected to focus on realistic, high-impact applications that improve decision-making, reduce friction, and strengthen Kevlinx’s long-term position as a trusted, AI-ready data center operator in Europe. DELIVERABLES For this engagement, 180 Degrees Consulting will produce the following key deliverables: Deliverable 1: Intelligent Capacity Planning & Revenue Optimisation Capacity planning is one of the most strategically important functions in a "
DOC-151,C:\Users\User\Desktop\180 deliverables\Kevlinx x 180DC Service Agreement.pdf,Kevlinx x 180DC Service Agreement.pdf,.pdf,378691,2026-07-04T13:31:04+02:00,8e19d8a1beb3ed6e56c3c419b87dadc37e0932db3ef115875ffae6426fb12ad8,,9,page,contract/agreement,Kevlinx,brand / marketing; strategy,high,legal terms/signatures; commercial/financial data,KevlinX x 180DC Services Agreement - Google Docs,"Date: ____ / ____ / 2026 180 Degrees Consulting Delft-Rotterdam Foundation (KVK 74037587) and Kevlinx Holding B.V. (KVK 65671325) SERVICES AGREEMENT 1  ""   #        THIS AGREEMENT is made on ____ / ____ / 2026 BETWEEN : 1. 180 Degrees Consulting Delft-Rotterdam Foundation (KVK 74037587) of Honingerdijk 71A01, 3063AK, Rotterdam (“the Branch ”); and 2. KevlinX Holding B.V. (KVK 65671325) of Eduard van Beinumstraat 6, 1077 CZ, Amsterdam (“the Client ”), each a “ Party ” and together the “ Parties ”. RECITALS : A. The Client has engaged the Branch to provide the Services to the Client in accordance with the terms of this agreement. IT IS AGREED AS FOLLOWS : 1. DEFINITIONS AND INTERPRETATION 1.1. Definitions In this agreement: 180 Degrees Consulting Global means 180 Degrees Consulting Limited (ACN 155 496 987). 180 Degrees Entities means 180 Degrees Consulting Global and its individual branches, licensees, franchisees, and affiliates (both in Australia and internationally), 180 Degrees Consulting US NFP (employer identification number 46-5092877) or a Related Entity of 180 Degrees Consulting Global. 180 Degrees Group means the Branch, 180 Degrees Consulting Global, and the 180 Degrees Entities. Claims means any and all actual or contingent claim, notice, demand, dispute, suit, action, potential cause of action, right, obligation, demand, proceeding, litigation, investigation, judgment, damage, loss, cost, payment, expense or liability however arising, whether present, unascertained, immediate, future or contingent, whether based in contract, tort, at law, in equity or statute, and whether involving a third party or a party to this agreement, including, Page 2  ""   #        without limitation, claims arising out of or relating to, or in any way touching upon or connected with the Services or the matters the subject of this agreement. Nominee means 180 Degrees Consulting Global. Project Det"
DOC-152,C:\Users\User\Desktop\180 deliverables\MBTS all deliverables.pdf,MBTS all deliverables.pdf,.pdf,17131174,2026-07-04T14:00:00+02:00,e0efd821b7c930889ca42f88c238cc33aa189129a193fd74e8d55d5e15f0fa3d,,201,page,unclear/review,MBTS,sustainability / circular economy; market research / growth; brand / marketing,medium,commercial/financial data,,"September 2016 Monkeys by the Sea & 180DC Helping people enjoy great tasting seafood alternatives 2180 DEGREES CONSULTING Meet our consulting team Team Leader Anna Sloan Consultant Olivia Dumont Sarayesha Fazila Consultant Basile Brahimi Consultant Kira Krebs Consultant Dariana Medzhedelieva Consultant Consulting Director Armand Mona 180 DEGREES CONSULTING 3 Background • Monkeys by the Sea promotes sustainable seafood alternatives and ocean conservation. • Following six key SDGs ensures responsible consumption and climate action. • Nine fish-free, palm oil- and soy-free products offer tasty, sustainable seafood alternatives. Insights • Monkeys by the Sea stands out with innovative, sustainable, and local sourcing. • Its target market includes eco-conscious consumers and businesses serving restricted eaters. • Key challenges are increasing consumer acceptance and staying price competitive. • Fish-free products provide tasty seafood alternatives with minimal environmental impact. Current and Potential Partnerships • Partnerships support the company’s mission by promoting sustainability, biodiversity, and plant-based innovation. • Collaborations with restaurants, hotels, and supermarkets boost Monkeys by the Sea’s reach, profits, and brand awareness. Strategic Partnerships • Partnerships with schools, caterers, and restaurants will introduce products to new customer segments. • Long-term collaborations with hotels, cafés, and retailers can build daily customers and shape habits. Executive summary 180 DEGREES CONSULTING 4 Our presentation today Background Insights Current and Potential Partnerships Partnership Strategies 180 DEGREES CONSULTING 5 Background"
DOC-153,C:\Users\User\Desktop\180 deliverables\Meterd - Deliverable 2.docx.pdf,Meterd - Deliverable 2.docx.pdf,.pdf,882458,2026-07-04T13:56:20+02:00,e1ca528dab9862af21efbab3488c6a84467ea7db9ccb09a489a4bc79d19eeb90,,24,page,consulting deliverable,Meterd,sustainability / circular economy; market research / growth; fundraising / partnerships,high,commercial/financial data; client analysis and recommendations,Meterd - Deliverable 2.docx,"180DEGREESCONSULTING Reporttemplateversion1.1 1 CONSULTANTPROFILES MonicaPetrangeliTeamLeaderm.petrangeli@180dc.org ANTÓNIOFREIXO Consultant NATALIEPLAZACÁRDENAS Consultant GYTISSALCIUS Consultant SRITEJADEVARAKONDA ConsultantDirector 180Degrees Consulting 2 CONTENTS CONSULTANTPROFILES 2EXECUTIVESUMMARY 4B2BMARKETRESEARCH 5EnergySector 5WaterUtilities 5Industrial andCommercial Facilities 6OfficeBuildingsandParks 6HealthcareFacilities 6Commercial Real Estate 6LogisticsandTransport 7MarketTrendsandKeyPlayers 7AnalysisofDevelopmentOpportunitiesforMetered 8SWOTAnalysis 8Porter'sFiveForcesAnalysis 8PRICINGSTRATEGY 9CompetitorAnalysis 9CompetingStrategies 12PricingStrategy 13PublicPricing 13PublicBudgetThreshold 13CostandMarginAnalysisPublic 13PublicAddedValue 15PrivatePricing 15CostandMarginAnalysisPrivate 15FirstCustomerSegment 16SecondCustomerSegment 17ThirdCustomerSegment 18PrivateAddedValue 19FirstCustomerSegment 19SecondCustomerSegment 19ThirdCustomerSegment 20References 20DISCLAIMER 22180DEGREESCONSULTING 23 180Degrees Consulting 3 EXECUTIVESUMMARY KeysectorsintheDutchB2Bmarkethaveallseentrendsfocusedonincreasedeﬃciencyand sustainabilitybyimplementingtechnologiessuchassmartmeters,smartgridsandAI. Thosesectors,suchasenergyandwaterutilities,arepopulatedbylargeﬁrms,creatingan environmentofhighcompetition.Furthermore,lookingmoreintoPorter’sﬁveforcesanalysis, weseethatthebargainingpowerofsuppliersis low. Incontrast,thebargainingpowerof clientsishigh,makingitharderforsmallcompaniestosurvive.Thisisfurtherreﬂectedinthe moderatethreatsofnewentrantsduetothehighinvestmentcosts.Lastly,duetothemarket’s growthandimportanceintheNetherlands,thepresenceofsubstituteproductsismoderate, raisingobstaclestowardsMeterd’s success.Despiteallthis,themarket’s highdemandfor energy-eﬃcientsolutionsandthegovernmentalsupportviasubsidiesallowﬁrmsachanceto compete. A cost-plusstrategywasimplementedtocreatethepublicandprivatepricingforMeterd’s solution.Forthepublicsector, athree-yearcontractwithani"
DOC-154,C:\Users\User\Desktop\180 deliverables\Meterd - Deliverable 2.pptx,Meterd - Deliverable 2.pptx,.pptx,3756034,2026-07-04T13:57:00+02:00,d39644bf30a62ac8c4307326422e134161bb354fc85d5dee00d68e7a67adf216,,18,slide,consulting deliverable,Meterd,sustainability / circular economy; market research / growth; fundraising / partnerships,high,possible personal/contact or confidential data; commercial/financial data; client analysis and recommendations,,"METERD - DELIVERABLE 2 MARKET ANALYSIS & PRICING STRATEGY 03/07/2024 SUGGESTED USES: SUSTAINABILITY MEET OUR TEAM Email: m.petrangeli@180dc.org Telephone: +39 3920706328 LinkedIn: Monica Petrangeli Consultant ANTÓNIO FREIXO MONICA PETRANGELI Team Leader Email: antfreixo100@gmail.com Telephone: +31 683405999 LinkedIn: António Freixo Consultant NATALIE PLAZA CÁRDENAS Email: plazacardenas.natalie@gmail.com Telephone:+31631154450 LinkedIn: Natalie Plaza Cardenas Consultant Director SRITEJA DEVARAKONDA Consultant GYTIS SALCIUS Email: gytis.salc@gmail.com Telephone: +31 6 38 23 31 70 LinkedIn: Gytis Salcius Agenda B2B Market Analysis Key Industries SWOT Analysis PORTER Five Forces Analysis Targeted Offerings Pricing Strategy Competitor Analysis Public Pricing Private Pricing B2B Market Analysis B2B Market Highlights 3 1 4 2 Includes office buildings and parks, healthcare facilities, as well as commercial real estate. Industrial and Commercial Facilities Substantial market size, with significant investments in renewable energy and smart grid technologies. Energy Sector Growing investments in smart water management solutions, especially in the older areas of the Netherlands, who require significant investment in updated infrastructure, such as Amsterdam. Water Utilities Logistics and transport Looking for larger scale solutions that are highly personalizable. There are already some companies that provide services of this nature and scale."
DOC-155,C:\Users\User\Desktop\180 deliverables\Metered - Deliverable 1 Report.docx.pdf,Metered - Deliverable 1 Report.docx.pdf,.pdf,1473704,2026-07-04T13:56:12+02:00,5584e1d7f970ab2142ba06649016645b4ebcb2dbd829d751289dc33cab1706bd,,31,page,consulting deliverable,Meterd,sustainability / circular economy; market research / growth; fundraising / partnerships,medium,client analysis and recommendations,Metered - Deliverable 1 Report.docx,"180DEGREESCONSULTING Reporttemplateversion1.1 CONSULTANTPROFILES TEAMLEADER MonicaPetrangelim.petramgeli@180dc.org CONSULTANT AntonioFreixo CONSULTANT NatalieCárdenas CONSULTANT GytisSalcius CONSULTANT NineGaly CONSULTING LuisEggert 180Degrees Consulting 2 CONTENTS CONSULTANTPROFILES 2EXECUTIVESUMMARY 4CONTEXT&OBJECTIVES 4THECLIENTMISSION 4DELIVERABLE1 4Government utilityoptimizationneeds 5National government needs 5PESTLEanalysis 7Political 7Economic 7Social 7Technological 8Legal 8Environmental 9Municipalities 9Rotterdam 9Amsterdam 11Eindhoven 12BenHunt’sCustomer AwarenessLadder 13Assessingthevarioustypesof national andlocal governmentsandtheir respectivedecision-makingprocesses 14National Government 14Provincial Level 15Municipalities 16Water Boards 17Desirability, Viability, andFeasibility 17Client ranking 19Other Opportunities 20APPENDIX 25References 26DISCLAIMER 30180DEGREESCONSULTING 31 180Degrees Consulting 3 EXECUTIVESUMMARY ThepublicsectorintheNetherlandsischaracterizedbyahighdemandforsustainable solutionsduetothecountry’svulnerabilitytoclimatechangeandsociallysustainable responsibility,followingtheParisAgreement.AfavourablemarketforMeterdfurther characterizesthecountryduetohighgovernmentalspendingonsustainableprojectsand variousinitiativesaimedatsupportingvalue-creatingstart-ups.Followingtheuseofsecondary andprimarydataanalysis,Meterdsolutionsishighlyfeasible,viableanddesirableinthedutch publicsectorwithahighpotentialintargetingthemunicipalitiesofRotterdam,Amsterdam andEindhovendespitethehigherlevelofcompetitionpresent.ThereportsuggestsMeterdto enterthemarketthroughsmartcitiesinitiativesand/orstrategicpartnershipstoincreasethe municipalities’awarnesstowardsthecompany’sproductsaswellasincreasingtrustinthe product’sbeneﬁts. CONTEXT&OBJECTIVES THECLIENTMISSION Meterdaftera successfulimplementationofitsproductinthePolishmarketisaimingto enterthedutchmarketwitha focusonthepublicsector. Thisreportaimstoanalyzethe governmentneedsinutilityoptimizationandpotentialc"
DOC-156,C:\Users\User\Desktop\180 deliverables\MOTG all deliverables.pptx.pdf,MOTG all deliverables.pptx.pdf,.pdf,27336196,2026-07-04T13:59:54+02:00,822877bd43628c36e167cdc9b52d12ddab85c5f743fcc9955537552478cf5e75,,233,page,unclear/review,MOTG,sustainability / circular economy; market research / growth; brand / marketing,medium,commercial/financial data,MOTG all deliverables.pptx,"September 2016 Movement On The Ground & 180DC Empowering refugees through Lots of Lesvos 2180 DEGREES CONSULTING Meet our consulting team T eam Leader Alexander Steunenberg Consulting Director Mercedes Reinhard Consultant James Ward Consultant Phuong Anh Nguyen Consultant Nikola Rajkovic Consultant Maria Ibáñez Rodriguez Consultant Otto Dijkstra Consultant Lou Thomas 180 DEGREES CONSULTING 3 Executive summary Market dynamics • European market has a size of 2.4bn and between 3-5% CAGR with Spain, Greece, Italy and Portugal producing all olive oil • The Dutch market is growing with Italian imports dominating and has no direct competitors and is a high potential market • The Dutch market is the most attractive based on KPI scoring for MOTG to stay in Proﬁtability analysis • Fixed costs of LOL are estimated at €10 820, whilst variable costs are estimated to be €5.82/L • LOL is positioned as a high-price, high-quality brand, mainly competing with Gkazas and the Olijfolie Shop in the Dutch market • LOL would need to produce 3230 bottles to break-even Consumer trends • Consumers trends highlight a shift towards healthy, diverse, ethical and premium • Willing pay 10% more for ethical products, however, climate change is lowering harvest quality and quantity • LOL ’s ideal customers are ethical, sustainable food enthusiasts • LOL should focus on infused oils as a derivative product, followed by olive soap and premium Greek honey 180 DEGREES CONSULTING 4 Executive summary Value proposition analysis • LoL ’s Unique Selling Proposition is its social impact compared to broad indirect competition • Current brand equity matches social and sustainable focus, but more effort is required to attract and retain • Win with e-commerce, HoReCa and transparency Customer segments and target segment • LoL ’s client acquisition strategy should target highly price, highly sustainable hotels and restaurants • Position with T aste, Trust and Social Impact Marketing strategy • Contracted supply i"
DOC-157,C:\Users\User\Desktop\180 deliverables\Newbees Deliv1.pdf,Newbees Deliv1.pdf,.pdf,1717167,2026-07-04T13:53:44+02:00,314bc050cdd8a4ce958df8780498649e83b312e02ed6f985bf36d2c340f820ce,,30,page,unclear/review,Newbees,sustainability / circular economy; business plan / financial; strategy,medium,commercial/financial data,,NewBees Pricing Strategy Introduction Anna Farhan Maarten Liepa Daan Con “We have all been new somewhere” 180 DEGREES CONSULTING 4 What is on the agenda A short overview of what will be covered today The Facts External Environment Revenue & Pricing Models Internal Analysis Opportunity Gaps Introduction | External Analysis | Internal Analysis | Revenue & Pricing | Opportunity Gaps 180 DEGREES CONSULTING 5 The economic impact of immigration is positive and substantial Immigration has positive impacts for the recipient country in the short- and long-run • Positive effects in macroeconomic indicators • Main drivers: • Increase in labor productivity • Increase in workforce • Limited effect on wages of native workers • Aiding to create substantial economic value Introduction | External Analysis | Internal Analysis | Revenue & Pricing | Opportunity Gaps
DOC-158,C:\Users\User\Desktop\180 deliverables\Pee Safe x 180 DC - Deliverable 1 report 3.pdf,Pee Safe x 180 DC - Deliverable 1 report 3.pdf,.pdf,982599,2026-07-04T13:54:26+02:00,2d4550fb9a73fbcd36053f75c364108dc3892d537ff00e819d7bd4d01a42c518,,53,page,consulting deliverable,Pee Safe,market research / growth; brand / marketing; business plan / financial,high,commercial/financial data; client analysis and recommendations,,180 Degrees Consulting 1 Pee Safe x 180 DC -Deliverable 1 report 180 Degrees Consulting 2 Table of Contents Objective ............................................................................................................................................. 3 Product analysis .................................................................................................................................. 3 Sanitary pads & panty liners ........................................................................................................... 3 (Applicator) tampons .................................................................................................................... 11 Menstrual cups .............................................................................................................................. 19 Anti-chafing sticks and creams ..................................................................................................... 27 Intimate wash for men .................................................................................................................. 32 Sweat pads .................................................................................................................................... 34 Product placement analysis .............................................................................................................. 36 Guidelines ...................................................................................................................................... 36 Cost structure ................................................................................................................................ 36 Product placement strategies ....................................................................................................... 38 Guerilla marketing strategies .......................................................................................................50 Consultant profiles ...........
DOC-159,C:\Users\User\Desktop\180 deliverables\Pee Safe x 180 DC Deliverable 2 presentation.pptx,Pee Safe x 180 DC Deliverable 2 presentation.pptx,.pptx,10307643,2026-07-04T13:54:32+02:00,e35c3317be75b20ccb0ad620d7b36ed7641765045413114156d9600ea10f3935,,35,slide,consulting deliverable,Pee Safe,market research / growth; brand / marketing; digital / product,medium,client analysis and recommendations,,"September 2016 February 202 4 Pee Safe M arketing Strategies Deliverable 2 Table of contents About the Brand Specific Branding Local Marketing Preferences The Best Working Channels Competitor Analysis Pee Safe’s Tone of Engagement by Channel Marketing Recommendations Appendix About the Brand Philosophy, marketing campaigns and channels To revolutionize personal hygiene in India and in other parts of the world by breaking down taboos and empowering people to take control of their health. #TogetherWeRise #PassTheCup #BleedYourWay Pee Safe disrupts the personal hygiene landscape with groundbreaking products and bold marketing that shatters taboos. Will it be enough for the Benelux & DE markets? Statista .com Specific Branding Online & offline channels"
DOC-160,C:\Users\User\Desktop\180 deliverables\Pitch Deck for Appyad.pdf,Pitch Deck for Appyad.pdf,.pdf,586613,2026-07-04T13:23:36+02:00,0a031d7a45bb533e54fddc3bd147bd74fdc070b3d141512964a55058a0e63c8a,,16,page,consulting deliverable,Appyad,market research / growth; fundraising / partnerships; operations / procurement,medium,client analysis and recommendations,Pitch Deck for Appyad,"September 2016 APPY AD FLEXIBLE WORKFORCE SOLUTIONS FOR DUTCH LOGISTICS 180 DEGREES CONSULTING 2 Executive Summary Why This Industry: T argeting the high-velocity Randstad logistics and event infrastructure corridors because intense demand volatility makes them completely dependent on ﬂexible SME labor. The Problem: Chronic local labor shortages (73% of ﬁrms understaffed) and severe attendance volatility (10%–15% event no-shows) trigger expensive client penalties. Our Solution: Supplying ready-to-work Managed T eams (2 to 20 people) where Appyad takes care of all administrative, legal, and operational risks.. Added Beneﬁts: Unlocking a massive Social Impact Pull, which shields vulnerable talent from unregulated exploitation while boosting client corporate CSR/ESG proﬁles through ethical integration. 180 DEGREES CONSULTING 3 Dutch logistics companies struggle to ﬁnd reliable and ﬂexible labor Key Industry Challenges ● Persistent labour shortages across warehouses and distribution centres ● High employee turnover and unreliable temporary stafﬁng ● Growing operational pressure caused by e-commerce expansion ● Companies struggle to scale workforce capacity during demand ﬂuctuations Refugee Employment Challenges ● Refugees and asylum seekers face barriers entering the labor market ● Language limitations and lack of local work experience reduce hiring opportunities ● Employers are usually hesitant due to compliance and communication concerns Logistics companies struggle with stafﬁng, while refugees searching for work opportunities 180 DEGREES CONSULTING 4 The Randstad logistics market creates a strong opportunity for workforce innovation Strategic Industry Opportunity ● The Hague is located between the Port of Rotterdam and Schiphol Airport; ● The Randstad region is one of the Netherlands’ strongest logistics corridors ● Logistics companies increasingly rely on ﬂexible labour models SUBUL Current Industry Pain Points ● Unpredictable stafﬁng availability; ● Rising recruitm"
DOC-161,C:\Users\User\Desktop\180 deliverables\Procurement Project Presentation.pdf,Procurement Project Presentation.pdf,.pdf,6966883,2026-07-04T13:54:38+02:00,cac9a645e8889ed85365455c3b006e8fe4ea25af3db5e11e83885c5832b7130f,,41,page,consulting deliverable,BCI,sustainability / circular economy; market research / growth; operations / procurement,medium,client analysis and recommendations,,"September 2016Barefoot College InternationalProcurer Identification Project 2180 DEGREES CONSULTING MEET OURTEAM JAKUB LECHOWSKIConsultant JIM SECCHITeam Leader LAKSHMI MENONConsultant SELDA SHABRINAConsultant DAVID MANUConsultant TONY RAFFOULConsultant LAURA CROSSLEYConsulting Director 180 DEGREES CONSULTING 3 Project Timeline Understanding BCI’s business model and goals to reach our project objective. INTERNAL ANALYSIS October 2023 Researching and scanning suppliers that meet the specifications of BCI in terms of product and location. SUPPLIER’S RESEARCH November 2023 Getting intouch with the suppliers to retrieve information, set up the suppliers’ assessment framework. CONTACT WITH SUPPLIERS December 2023 Creating an actionable plan based on the developed supplier selection framework. IMPLEMENTATION PLAN January 2024 1 3 422 4180 DEGREES CONSULTING INTERNAL ANALYSIS 180 DEGREES CONSULTING 5 What does BCI’s Current Business Model look like?BCIequipsSolarMamaswithsolarpanelinstallationskillforend-customersinunderservedcommunities.BCI’scommitmentextendsbeyondtrainingandserviceprovision,BCIalsotakeschargeforprocuringandensuringtheavailabilityofhigh-qualitysolarpanels. BCInowisplanningtoexpanditsfulloperationinAfricawithacentralprocurementlocatedinSenegalandpreferstohavethewholeprocurementnetworkinAfricatoreducecostandcarbonfootprint.Inthenextyear,BCIaimstoprocure~1,500solarpanelsystemsinSenegal. Solar panel (SP) installation Training SP installation service Payment for service"
DOC-162,C:\Users\User\Desktop\180 deliverables\Procurement Project Report.pdf,Procurement Project Report.pdf,.pdf,1740777,2026-07-04T13:54:40+02:00,0a05785b0c652e2895f8cc7bc071409324b84ba9ae1b07d9017a92ec4bf60b84,,22,page,consulting deliverable,BCI,sustainability / circular economy; market research / growth; operations / procurement,high,commercial/financial data; client analysis and recommendations,Final Report Procurement.docx,"180DEGREESCONSULTING CONSULTANTPROFILES LAURACROSSLEY CONSULTINGDIRECTOR JIMSECCHI TEAMLEADER LAKSHMIMENON CONSULTANT SELDASHABRINA CONSULTANT DAVIDMANU CONSULTANT JAKUBLECHOWSKI CONSULTANT TONYRAFFOUL CONSULTANT 180Degrees Consulting 2 CONTENTS CONSULTANTPROFILES 2EXECUTIVESUMMARY 4INTERNALANALYSIS 5BCI’SMISSION 5BCI’SPROCUREMENTPRACTICE 6SOLARSYSTEMBLUEPRINT 7SUCCESSFACTORSINTHEPROJECT 8PROPOSEDSUPPLIERFRAMEWORK 9SUPPLIERSELECTIONFRAMEWORKEXPLANATION 10MARKETRESEARCHANDRECOMMENDATION 11ANALYSISAPPROACH 11POTENTIALSUPPLIERSCONTACTED 12OUTCOMEOFSUPPLIEROUTREACHES 15TAKOUSSANEENERGIEPRODUCTSPECIFICATIONS 15COMPARISONTAKOUSSANEENERGIEVSBCI PRODUCTSPECIFICATIONSANDWARRANTY 16EVALUATIONOFTAKOUSSANEENERGIE 17CONCLUSIONANDNEXTSTEPSFORBCI 18PURSUINGAFUTUREWITHTAKOUSSANEENERGIE 18LOOKINGFURTHER 18CONCLUSION 18APPENDIX 19APPENDIXI 19APPENDIXII 20DISCLAIMER 21180DEGREESCONSULTING 22 180Degrees Consulting 3 EXECUTIVESUMMARY Overthe pastfourmonths,our consultingteamhas supportedBarefootCollege International(BCI)in its missionto empowerwomenfrommarginalizedcommunities throughvocationaltrainingin93countries.OurprojectfocusedonhelpingBCIﬁndsolar equipmentsuppliersin Senegal,aimingtomake itssupplychainmoreenvironmentally sustainable.BCI,knownforitsimpactful'SolarMamas'program,is transitioningfrom sourcingrawmaterialsin Asiato partneringwithlocalmanufacturersin Senegal.This strategicshiftincludesestablishinga warehouseinSenegaltoenhancedistributionacross Africa,therebyexpandingBCI'sregionalimpact. Inthisproject,180DegreeConsulting(180DC)begantheprocessbyunderstandingBCI's operationsandthespeciﬁcrequirementsfor solarpanelproductsessentialfortheir vocationaltrainingcenters.Followingthis,weconductedthoroughdeskresearchonthe solarpaneldistributornetworkwithinSenegalanditsneighboringregionsto identify potentialsuppliers.Leveragingtheinsightsgained,180DCdevelopedasupplierevaluation frameworktailoredtoBCI’s procurementprocess,emphasizingcriticalindicatorssuchas price,warranty, andsustainab"
DOC-163,C:\Users\User\Desktop\180 deliverables\Project Brief - Stahili.pdf,Project Brief - Stahili.pdf,.pdf,1160227,2026-07-04T13:55:32+02:00,0e080f679532669eeb3338a2cc8072c4303b00de0977c1fbccd42d1ea34ddf67,,6,page,proposal/brief,Stahili,market research / growth; fundraising / partnerships; operations / procurement,high,commercial/financial data; scope/internal planning,,"Project Brief February 13th, 2024 February 13th, 2024 Contact Details 180 Degrees Consulting Delft-Rotterdam Bartosz Kolodziej President +48 7 95 44 81 59 b.kolodziej@180dc.org Omar El Khamloussy Consulting Director +31 6 27 03 17 47 o.elkhamloussy@180dc.org Stahili Foundation Michelle Oliel Executive director & co- founder +31 6 54745993 Michelle@stahili.org Our Branch The Delft-Rotterdam branch is comprised of several teams of 5-6 consultants led by a project leader. Our teams bring with them rigorous academic expertise both at the business and technical level. One team will be assigned to work on this project throughout the forthcoming four-month cycle. Our Strengths 1. Experience: Over the course of last academic year, our branch has been able to successfully complete 15 projects, for local and international organizations, ranging from non-profit organizations to for-profit companies with high social impact. 2. Continuity: Many consultants of last year(s) have shown interest in continuing to work for our branch, thus the branch benefits from the previous experience and knowledge of these consultants in our projects. 3. Multidisciplinary Background: Our branch is comprised of students from Erasmus University Rotterdam (Business, Management, Economics) and Delft University of Technology (Engineering, Computer Science, Architecture, Technology & Policy Management). February 13th, 2024 About The Client In Kenya, the unnecessary, and over reliance on, institutionalization of children as a form of childcare and protection1 led to the establishment of the Stahili Foundation to combat this and provide more positive alternatives. The Stahili Foundation is a non-profit organisation headed by Michelle Oliel whose primary work is in child protection, development, education, and human rights. It is their mission to see more children come out of orphanages and move into families. They focus on empowering children and protecting them through education and emphasize the role of"
DOC-164,C:\Users\User\Desktop\180 deliverables\Project definition for TOC.pdf,Project definition for TOC.pdf,.pdf,280243,2026-07-04T13:33:32+02:00,c92f81b27148c6a0e1b82423f694c6d51a316c9b52d75cf4c576ee5be4758ebe,,3,page,proposal/brief,definition for TOC,impact measurement; sustainability / circular economy; market research / growth,high,commercial/financial data; scope/internal planning,Microsoft Word - Project definition for TOC,"Project name Project name: The Ocean Cleanup Supply Chain challenges Situation General background and context; may include company description, history of topic, status of topic The Ocean Cleanup is scaling it’s operations to a 30 cities program, to cut ocean plastic pollution from rivers by one third by 2030 The Ocean Cleanup launches the 30 cities program Complication An item that triggers a need for action because of its impact on the Situation (this can be a new insight, a change in circumstances, event, a new threat, a hurdle, a problem or even an opportunity Local market assessments for scalability of the Supply Chain pays a pivot role on the situation described above, due to the following:  Regulatory Environment: Each country has its own regulations regarding import and trade. It's important to assess how these regulations impact the supply chain.  Infrastructure: The quality of infrastructure, such as roads, ports, and communication systems, can significantly affect efficiency in the supply chain.  Economic Stability: The economic conditions of a country can influence supply chain operations. Factors like inflation rates, currency stability, and overall economic growth are crucial.  Labor Market: Considerations regarding the availability of skilled labor, labor costs, and labor laws are essential for evaluating supply chain effectiveness.  Cultural Factors: Understanding cultural differences can help in managing relationships with suppliers and partners. Key Question This is the essence of the project. It should be one single question that asks what your organization or department should do; the question results directly how the Complication impacts the Situation What supply chain model will enable The Ocean Cleanup to scale efficiently across 30 diverse local markets without compromising speed, cost, or mission impact? Success criteria & secondary objectives Business impact criteria, standards or targets based on which decision makers will decide whet"
DOC-165,C:\Users\User\Desktop\180 deliverables\project_cece_contract-signedmmw-signedls.pdf,project_cece_contract-signedmmw-signedls.pdf,.pdf,455784,2026-07-04T13:45:54+02:00,0ea1b31b0d688f3b167be45823372d4b17856ab6b1350ee4ba89c2fc418d74ee,,8,page,contract/agreement,project cece contract signedmmw signedls,brand / marketing; digital / product; strategy,high,legal terms/signatures; commercial/financial data,Project CeCe Contract-signedMMW.pdf,"Date: 14.01.2022 180DC Delft-Rotterdam and Project CeCe SERVICES AGREEMENT 1 THIS AGREEMENTis made on 14.01.2022 BETWEEN: 1. 180DC Delft-RotterdamofLeopoldstraat 7A, 3031ST Rotterdam, Netherlands (“180 Degrees”); and 2. Project CeCeof ________________________________________________ (“theClient”), each a “Party” and together the “Parties”. RECITALS: A. The Client has engaged 180 Degrees to provide the Services to the Client in consideration for the payment by the Client to 180 Degrees or its nominee of the Service Fee in accordance with the terms of this agreement. IT IS AGREED AS FOLLOWS: 1. DEFINITIONS AND INTERPRETATION 1.1 Definitions In this agreement: 180 Degrees Consultingmeans 180 Degrees Consulting Limited (ACN 155 496 987). Claimsmeans any and all actual or contingent claim, notice, demand, dispute, suit, action, potential cause of action, right, obligation, demand, proceeding, litigation, investigation, judgment, damage, loss, cost, payment, expense or liability however arising, whether present, unascertained, immediate, future or contingent, whether based in contract, tort, at law, in equity or statute, and whether involving a third party or a party to this agreement, including, without limitation, claims arising out of or relating to, or in any way touching upon or connected with the Services or the matters the subject of this agreement. Servicesmeans the services described in Schedule A to this agreement, and any amended or additional services as agreed between the Parties from time to time in accordance with the terms of clause 2 of this agreement. Service Feemeans the amount set out in clause 3.1 of this agreement. 2 Oetewalerstraat 83, 1093 ME Amsterdam, The Netherlands 1.2 Interpretation In this agreement, unless the context otherwise requires: (i)Areferencetothesingularincludesthepluralandthepluralincludesthe singular. (ii)Headingsareforconvenienceonlyanddonotformpartofthisagreementor affect its interpretation. SERVICES 2.1.180Degreeswillprovideth"
DOC-166,C:\Users\User\Desktop\180 deliverables\Project_Scope_YsMen2022.pdf,Project_Scope_YsMen2022.pdf,.pdf,815194,2026-07-04T13:45:24+02:00,23204e6b9ec3a85bd983a791cc8aabb3f3f3fc136f53312f717a327e9e93d7d7,,5,page,proposal/brief,Project Scope YsMen,market research / growth; brand / marketing; fundraising / partnerships,medium,scope/internal planning,Copy of Y's Men Project Scope,"PROJECT SCOPE DetailedsituationalanalysisofY’s MenInternationalaffiliatesinEurope,focusingonoutliningthehigh-performingareasandtheareasofimprovement,consideringfactorssuchas,butnotlimited to:o Membershipo Fundraising revenueso Initiativeso Marketing engagemento Personal feedback of members Reportsummarisingkeyfindingsfor(i)EuropeRegionasawholeand(ii)individualaffiliates,including factors such as areas of improvement and high-performing areas. DELIVERABLES APPROACH Deliverable 1:1. IdentifyrelevantaffiliatesEurope-wideandcreateanexhaustivelistwithprofilesofeach.2. Gathercontactdetailsofselectedaffiliatemembers,formulatequestionnaires,oremailmessagesto initiatetheinterviewprocessaimedat gatheringpersonalfeedbackofmembers.Thisisatimeconsumingstepandshouldhencebestartedasearlyaspossibleto account for waiting times and prevent project delay.3. Analyseeachaffiliateindepthbasedoncarefully-chosenKPIs(membershipnumbers,fundraisingrevenues,initiativestaken,marketingengagement,andfeedbackreceivedfrommembersin step2).Onceanalysed,consultantswillscoretheaffiliatesoneach 1 criteriafroma scalebetween1-10.To be themostobjectivepossiblein scoring,consultantswillfirstassessthe averagevaluesof eachcriteriafromall affiliatescombined.Theaveragevalueofallaffiliateswillthenreceivea scoreof5.Oncetheaveragevaluesarecomputed,eachaffiliateindividuallywillbescoredbasedonhowwellit performs compared to the average value computed of all affiliates. Deliverable 2:4. Onceallaffiliatesarescored,theresultswillbevisualisedin a spiderwebdiagram.Dependingontheextentoftheanalysis,wewillgroupthemina spiderwebdiagrambasedontheirgeographicalregionoranyotherrelevantcriteria.Incasethenumberofaffiliatesistoolow, wewillprovideadiagramperaffiliateratherthancombiningthem.The client will be presented a diagram as illustratedin figure 1. Figure 1: Spider Web Diagram of Y’s Men affiliates in Europe Alternatively, asshowninfigure2,forparticularlyinterestingaffiliatesthatrequireindepth analysis, individual spider web "
DOC-167,C:\Users\User\Desktop\180 deliverables\Pyropower Project Proposal.pdf,Pyropower Project Proposal.pdf,.pdf,348050,2026-07-04T13:49:16+02:00,fa56eea527acfb8013f10142025153767b8fcf687382137f31360f5f54082698,,3,page,proposal/brief,Pyropower,sustainability / circular economy; fundraising / partnerships; operations / procurement,high,commercial/financial data; scope/internal planning,Microsoft Word - 180DC Pyropower copy.docx,"180Degrees Consulting Pyropower (www.pyropower.eu) Pyropower is a startup consisting of students from TU Delft and Wageningen University. The core of Pyropower is to utilize pyrolysis technology to close the circular economy loop. Slow pyrolysis of organic waste is a way to manage waste streams and extract energy stored within the biomass. A large focus falls on the utilization of biochar, which can play a big part in carbon dioxide removal (CDR); achieve up to 10% of the required CDR for 1.5 ⁰C pathways. Biochar is used in agriculture, water treatment, building materials and many more. Currently, Pyropower is working on 3 things: I) Developing and deploying a pyrolysis technology, while providing heat energy to dry wet coffee grounds. The fuel (biomass) for pyrolysis can be dried coffee grounds or some other suitable dry, woody source. This installation also has to be economically sound. We do this alongside some key partners in the coffee recycling industry: unwaste, spaakcs, coffeebased. Also see figure below. II) Finding new applications for biochar and opening it’s market in the Netherlands and beyond. We are working at the DASML to create a new type of biopolymer material using biochar as the filler. A plan is to also look at using biochar to create carbon fibre aerogels for wastewater treatment. III) Developing kiln and cookstove technologies for international projects. This is mainly side-projects for partnership purposes. Current Challenges I) Business Case: As hard tech startups require large capital to test highrisk technologies, going about investor readiness is tricky. But there are certain steps to take: real validation, technology due-diligence and a solid financial narrative. Our aim is to seek out the best subsidy, grants, business competitions and investment opportunities with a plan. II) Biochar Applications: Should we carry out deeper research in the commercial aspects of biochar? If so, it is potentially a new business model, surrounding product"
DOC-168,C:\Users\User\Desktop\180 deliverables\Report about emissions calculator.pdf,Report about emissions calculator.pdf,.pdf,574365,2026-07-04T13:37:00+02:00,4022629e024088c5d9c7a857bf909952cd4be8c37c2598e8b229edac5ff9f27d,,24,page,consulting deliverable,SlimBox,sustainability / circular economy; operations / procurement; organization / governance,high,possible personal/contact or confidential data; client analysis and recommendations,Slimbox: The Emission Calculator,"Slimbox: The Emission Calculator A model developed by 180Degrees Consulting Delft-Rotterdam by Otto Konkarikoski Luigi Pescio Thorben Peter Alessandro Pozzetto Amogh Ravishankara Chandusha Thati Laura Venturi Consulting Director: Alexandre Rientjes Date: January 27, 2022 This report (including any of its attachments) (“ Report”) has been prepared by 180 DC Rotterdam- Delft for the exclusive use by Slimbox (“ you”). Unless required by law, no part of the Report may be reproduced, distributed, or communicated to any third party without the express prior written consent of 180 Degrees Consulting Limited. You must ensure that you keep the Report strictly confidential and do not disclose the Report (or any part of it) to any person or organisation other than your respective officers and employees who, in each case, have a specific need to have access to the Report. The information contained in the Report does not amount to a recommendation or advice, either expressly or by implication. You acknowledge and represent that you will make your own inquiries, investigations, analysis and undertake your own due diligence and assessment prior to taking any action in relation to any information contained in the Report, including but not limited to taking any tax, accounting and legal advice. You also acknowledge that the Report may not take into account your particular circumstances, criteria or other requirements. Nothing contained in the Report is, or it to be relied upon as, a promise or representation, whether as to the past or the future. In particular , all opinions, estimates, forecasts, statements, case studies and projections in the Report do not constitute, and should not be regarded as, a representation that the relevant results will actually be achieved or that the underlying assumptions are valid. We have not independently verified any of the information contained in the Report including but not limited to any forecasts, statements, case studies, projections and assu"
DOC-169,C:\Users\User\Desktop\180 deliverables\SCEF Deliverable 1_2023.pdf,SCEF Deliverable 1_2023.pdf,.pdf,2942794,2026-07-04T13:52:06+02:00,7006ce082180b6bae59fdd1c244990ff22191c697a3937de60b84d452bc3e733,,32,page,consulting deliverable,SCEF,sustainability / circular economy; organization / governance; strategy,medium,client analysis and recommendations,PowerPoint Presentation,"September 2016 DELIVERABLE 1 180 DEGREES CONSULTING 2 THE TEAM Consultant Radek Rotterdam Consulting Director Laetitia Rotterdam Consultant Laia HEC Paris Team Leader Maria Rotterdam Consulting Director Christos HEC Paris Team Leader Ghalia HEC Paris Consultant Parfait HEC Paris Consultant Matilde Rotterdam 180 DEGREES CONSULTING 3 01 Insights into SCEF’s competitive advantage, environment and opportunities INTERNAL & EXTERNAL ANALYSIS 02 Recommendations on how SCEF can improve organisational credibility OPPORTUNITY 1: CREDIBILITY 03 Examples on how SCEF can further foster the community spirit OPPORTUNITY 2: COMMUNITY 04 Next steps FUTURE OUTLOOK Agenda 180 DEGREES CONSULTING 4 01 INTERNAL & EXTERNAL ANALYSIS 180 DEGREES CONSULTING 5 SCEF’s competitive advantage and strengths focus on empowerment, diversity and engagement Internal Analysis & External Analysis | Credibility | Community | Future Outlook • Clear vision and mission aligned with UN’s SDGs • Holistic support that addresses multiple aspects of street- connected children's lives Empowerment • Diverse and effective programs successfully adapted to the local socio-cultural context • Educational and entrepreneurial opportunities Diversity • Extensive community and stakeholder engagement • Motivated volunteers offering long-term supportEngagement"
DOC-170,C:\Users\User\Desktop\180 deliverables\SCEF Deliverable 2&3_June 2023.pdf,SCEF Deliverable 2&3_June 2023.pdf,.pdf,3956868,2026-07-04T13:52:10+02:00,89454be48697cbdf03a629cd214e458229be2ae4c74b2cace2e1887df604ace8,,51,page,consulting deliverable,SCEF,brand / marketing; strategy,medium,client analysis and recommendations,,"September 2016 DELIVERABLES 2 & 3 Marketing Strategy and Implementation 180 DEGREES CONSULTING 2 01 How can SCEF effectively improve the website WEBSITE 02 Recommendations on content and layout of the annual report ANNUAL REPORT 03 An overview of how can SCEF become more active in Germany SCEF IN GERMANY Agenda 180 DEGREES CONSULTING 3 THE TEAM Consultant Radek Rotterdam Consulting Director Laetitia Rotterdam Consultant Laia HEC Paris Team Leader Maria Rotterdam Consulting Director Christos HEC Paris Team Leader Ghalia HEC Paris Consultant Parfait HEC Paris Consultant Matilde Rotterdam 180 DEGREES CONSULTING 4 To further communicate their mission, SCEF should focus on strengthening their credibility and engaging the community CREDIBILITY COMMUNITY What is SCEF struggling with? • Difficulty in communicating real impact to those who don’t visit Ghana • Limited technical expertise in website design and online marketing • Limited resources & dependence on volunteers • Difficulty in attracting and retaining volunteers How can they improve? • Success stories • SCEF in the news • Performance tracking • Network building • Volunteer spotlights • Building a newsletter • Nominations & events • Tax benefits • Key volunteers 180 DEGREES CONSULTING 5 01 WEBSITE"
DOC-171,C:\Users\User\Desktop\180 deliverables\SCEF_Final_Report_vsent_final.pptx,SCEF_Final_Report_vsent_final.pptx,.pptx,36114724,2026-07-04T13:48:42+02:00,92e8c6d7a90d3ccc10f7a9db087deef34e82650b4d4602674f7d85400958f7d9,,48,slide,reference/source,SCEF,sustainability / circular economy; fundraising / partnerships; operations / procurement,medium,third-party copyrighted source,"Continue Empowering and Sending a Smile to Jamestown, Ghana and the World","Continue Empowering and Sending a Smile to James Town, Ghana and the World Final Report 4 th February 2021 Vivienne Dubourg , Pien Roelofs , Eva Brcic , Emir Sarlak , Nikolaus Stern, Dan Sharell Agenda 1 2 3 4 5 6 Your 180 Degree Consulting Team Dan Sharell Team Leader MSc Strategic Management Emir Sarlak Consultant BSc Aerospace Engineering Eva Brčić Consultant BSc Psychology Nikolaus Stern Consultant BSc International Business Administration Pien Roelofs Consultant MSc Global Business & Sustainability Vivienne Dubourg Consultant BSc International Business Administration Our Team Recap: Problem Definition Partnership Strategy Implementation Frameworks Project Timeline Implementation First Steps Agenda 1 2 3 4 5 6 Partnership strategy & structured implementation process could help achieve partnership objectives The Partnership Strategy Clear and structured overview of how partnerships can serve SCEF‘s mission The Implementation Clear approach on how to implement the partnership strategy The Objectives Clear objectives have been defined in SCEF‘s strategic plan This results in a scattered partnership approach Our Team Recap: Problem Definition Partnership Strategy Implementation Frameworks Project Timeline Implementation First Steps From last presentation"
DOC-172,C:\Users\User\Desktop\180 deliverables\SCEF_Half Time Show.pptx,SCEF_Half Time Show.pptx,.pptx,7220377,2026-07-04T13:48:36+02:00,0c09595537a31b317f62cfdc5884216bff9a779b132e01b5765eb3c82859bb63,,4,slide,proposal/brief,SCEF,sustainability / circular economy; fundraising / partnerships; organization / governance,medium,scope/internal planning,"Continue Empowering and Sending a Smile to Jamestown, Ghana and the World","S treet C hildren E mpowerment F oundation ”Striving for all children to have equal opportunities to reach their fullest potential by 2030” Accra, Ghana SAFEGUARD EMPOWER PARTNER ADVOCATE Our Deliverable for SCEF: a Partnership Strategy Step 2: Strategy & Framework Manuals Step 1: Analyzing the Partnership Set-Up STRATEGY & FraMEWORK MANUALs ARE DEDICATED TO SETTING-UP ANd eVALUATing PARTNERSHIPs What did We Learn from Consulting SCEF? Dedicate enough time to narrow down the project scope Familiarize yourself with the organizational /national culture Get in touch with as many stakeholders as possible Do not fixate on one certain outcome , but remain flexible To learn best from within , approach the organization and participate in their events & conferences Dan Sharell MSc Strategic Management Emir Sarlak BSc Aerospace Engineering Eva Brčić BSc Psychology Nikolaus Stern BSc International Business Administration Pien Roelofs MSc Global Business & Sustainability Vivienne Dubourg BSc International Business Administration We’re Happy to Share More with You! Ghanaian/African Social Businesses (NPO-) Partnership Analysis -> Strategy -> Evaluation Partner-Questionnaires , Manuals & Frameworks"
DOC-173,C:\Users\User\Desktop\180 deliverables\Second deliverables presentation.pdf,Second deliverables presentation.pdf,.pdf,3332472,2026-07-04T13:51:04+02:00,7276b20bd3117d3835432bdc1543c8baec02ed1305b46ba331db54e9cb46ad05,,78,page,proposal/brief,Share,sustainability / circular economy; market research / growth; brand / marketing,high,commercial/financial data; scope/internal planning,,Project Scope 2 Market Strategy Objective: Identify non-targeted groups in Dutch society by marketing strategies. Formulate marketing strategies to enhance reach in a cost-effective manner. ● Marketing campaign inventory ● Target demographics of marketing campaigns ● Future marketing strategy Recruitment Strategy Objective: Identify non-targeted groups in Refugee and Volunteer community. Quantify the impact of current recruitment efforts. Formulate strategy for refugee recruitment and committee volunteers. ● Increase number of volunteers and refugees ● Increase the return of volunteers and refugees ● Create a strong community Local Growth Plan Objective: Identify non-targeted groups in Dutch society and Refugee and Volunteer community. Formulate activity proposals to engage the identiﬁed group. ● Activities to involve non targeted demographics ● Team structure National Growth Plan Objective: Carry out market analysis and case study analysis to identify possible locations and possible organizational structures for national expansion ● Cities where HS can expand ● Restructuring strategy Shared step: Analysis of the Social Media and Website data because they are both used for marketing and recruitment Table of Contents 3 Next steps 05 Future Growth 04 Recruitment Recommendations 03 Social Media and Marketing Recommendations 02 Foundation overview 01 Table of Contents 4 Next steps 05 Future Growth 04 Recruitment Recommendations 03 Social Media and Marketing Recommendations 02 Foundation overview 01 Foundation Overview 5 STRENGTHS Positive social impact Financially healthy THREATS Non-availability of refugees and volunteers Competition Unsustainable network WEAKNESSES Board non-renewal Dependence on CSR SWOT OPPORTUNITIES Expand reach Reach more refugees Cooperation with other associations
DOC-174,C:\Users\User\Desktop\180 deliverables\Service Agreement 8Energies_signed (2).pdf,Service Agreement 8Energies_signed (2).pdf,.pdf,363436,2026-07-04T13:32:04+02:00,9e812085b5900e29d2b053f6d4935fc1c358a56543c13cd8c365f643947929c3,,9,page,contract/agreement,8Energies,brand / marketing; strategy,high,legal terms/signatures; commercial/financial data,Service Agreement 8Energies - Google Docs,"Date: 09 / 02 / 2026 180 Degrees Consulting Delft-Rotterdam Foundation (KVK 74037587) and 8Energies (HRB 263893 B) SERVICES AGREEMENT THIS AGREEMENT is made on 09 / 02 / 2025 BETWEEN : 1. 180 Degrees Consulting Delft-Rotterdam Foundation (KVK 74037587) of Honingerdijk 71A01, 3063AK, Rotterdam (“the Branch ”); and 2. 8Energies (HRB 263893 B) of Brunnenstraße 17, 10119 Berlin, Germany (“the Client ”), each a “ Party ” and together the “ Parties ”. RECITALS : A. The Client has engaged the Branch to provide the Services to the Client in consideration for the payment by the Client to either the Branch or the Nominee of the Service Fee in accordance with the terms of this agreement. IT IS AGREED AS FOLLOWS : 1. DEFINITIONS AND INTERPRETATION 1.1. Definitions In this agreement: 180 Degrees Consulting Global means 180 Degrees Consulting Limited (ACN 155 496 987). 180 Degrees Entities means 180 Degrees Consulting Global and its individual branches, licensees, franchisees, and affiliates (both in Australia and internationally), 180 Degrees Consulting US NFP (employer identification number 46-5092877) or a Related Entity of 180 Degrees Consulting Global. 180 Degrees Group means the Branch, 180 Degrees Consulting Global, and the 180 Degrees Entities. Claims means any and all actual or contingent claim, notice, demand, dispute, suit, action, potential cause of action, right, obligation, demand, proceeding, litigation, investigation, judgment, damage, loss, cost, payment, expense or liability however arising, whether present, unascertained, immediate, future or contingent, whether based in contract, tort, at law, in equity or statute, and whether involving a third party or a party to this agreement, including, without limitation, claims arising out of or relating to, or in any way touching upon or connected with the Services or the matters the subject of this agreement. Nominee means 180 Degrees Consulting Global. Project Details include, but are not limited to, the Client’s logo"
DOC-175,C:\Users\User\Desktop\180 deliverables\Slides 2nd Deliverable - FlexSea.pdf,Slides 2nd Deliverable - FlexSea.pdf,.pdf,2427287,2026-07-04T13:46:46+02:00,062642c0918c968255a79e7c34d62b4f494998015fa4fa5ede86526ef007242d,,39,page,consulting deliverable,FlexSea,market research / growth; business plan / financial,high,commercial/financial data; client analysis and recommendations,2nd Deliverable - FlexSea,September 2016 26th April 20222ND DELIVERABLE: IN DEPTH ANAL YSIS OF EUROPEAN AND UK MARKETS FLEXSEA AGENDA 180 DEGREES CONSULTING 3 Agenda 1 Remember the T eam 2 Problem Statement & Research Scope 3 New Companies 4 Revenue Analysis Partners Distributors Customers 5 6 7 Legal Analysis Companies Contacted & Questions to be Asked 8 Next Steps Q&A REMEMBER THE TEAM 180 DEGREES CONSULTING 5 Meet the T eam Javier Serrano Katarina Filipas Emma Bockholdt Alessandro Pozzetto Finn Scheff Rima Arab Martino Giobbio
DOC-176,C:\Users\User\Desktop\180 deliverables\SlimBox-Deliverable3.pdf,SlimBox-Deliverable3.pdf,.pdf,5620332,2026-07-04T13:37:06+02:00,c319d2ac1ce83aa27917211005291319974aa995ddee8ec4399dd3a31f763495,,26,page,consulting deliverable,SlimBox,sustainability / circular economy; fundraising / partnerships; operations / procurement,medium,client analysis and recommendations,Deliverable 3.pptx,"DATE TITLE SUBTITLE 27 January 2022 SLIMBOX: The Emission Calculator to Increase Awareness About Packaging Final Deliverable 180 DEGREES CONSULTING 2 Introduction Inputs and Outputs Model Description User-Model Interaction Results Recommendations Q&A AGENDA FOR THE PRESENTATION 1 2 3 4 5 6 7 3180 DEGREES CONSULTING MEET OUR GREAT TEAM Diverse team background from various studies and nations M.Sc. Aerospace Engineering, TU Delft Luigi Pescio B.Sc. Economics, EUR Otto Konkarikoski M.Sc. Management of T echnology, TU Delft Laura Venturi M.Sc. Strategic Management, EUR Thorben Peter M.Sc Transport Infrastructure and Logistics, TU Delft Chandusha Thati M.Sc. Complex Systems , TU Delft Amogh Ravishankara M.Sc. Sustainable Energy T echnology, TU Delft Alessandro Pozzetto M.Sc. Strategic Management, EUR Alexandre Rientjes Introduction KPI Next steps Q&AModels 180 DEGREES CONSULTING 4 OUR PROGRESS ● Broken items result in high emissions ● Filling material have a small impact ● Recycling is very important DELIVERABLE 1 NOVEMBER ● Translate CO2 to a tangible quantity ● Include multiple box types ● The advantage of Slimbox is clear DELIVERABLE 2 DECEMBER Introduction Inputs & Outputs User-Model Interaction ResultsModel Description ● Present ﬁnal model ● Provide written report DELIVERABLE 3 JANUARY Q&ARecommendat ions DATE TITLE SUBTITLE SUGGESTED USES: FUNDRAISING, FINANCE INPUTS AND OUTPUTS"
DOC-177,C:\Users\User\Desktop\180 deliverables\Slimbox_180DC_Project_Proposal (1).pdf,Slimbox_180DC_Project_Proposal (1).pdf,.pdf,186143,2026-07-04T13:35:36+02:00,fd63e7e892fd64e5141fb81127d3ef2d19b5b729c6376900b4b22c5d7aeb07f9,DUP-005,3,page,proposal/brief,SlimBox,impact measurement; sustainability / circular economy; market research / growth,medium,scope/internal planning,Slimbox_180DC_Project_Proposal,"180 Degrees Consulting Project Brief PROJECT SCOPE Organizational Background Organization: SlimBox Services:Slimbox is a Belgian for-profit companywho developed a new machine that enables to createcustomised packages for products that have to be shipped. When packages are shipped with traditionalpackaging methods, one can see there is usually too much air in the package which makes the shippinginefficient. There are more carbon emissions as the package takes more place in transportation thanwhat the product actually needs. This is also inefficient from an economic perspective as companies tendto pay for more space and weight in transport than what the product actually really needs. By proposingtheir machine to companies, Slimbox enables their customers to make savings from an environmentaland economic perspective. Customers:Slimbox targets B2B customers in Europewho send numerous packages. Slimbox also hasambitions in the short-term to penetrate the US market. Contact Persons:- Filip Roose (co-founder) The problem:Slimbox is a young company and tends to struggle with selling its product to customers. One reason forthis is that they lack strong marketing materials to target customers efficiently. One way to counter this isby having a third-party (=180DC) that could develop an impact measurement calculation of their solutionfrom an environmental as well economic perspective compared to a standard solution. This way, Slimboxwill be able to use the economic- and environmental savings computations when using their machine asa new marketing resource. 180 Degrees Consulting Support: How are we approaching the problem? ● Internal analysis:○ Understand the company and its resources○ Get an understanding of how the machine works ● External analysis:○ Make an assessment of what is traditionally proposed on the market○ Assessment of standard economic and environmental costs when using packages that aretoo large.● Impact measurement computation:○ Environmental Impact measurement"
DOC-178,C:\Users\User\Desktop\180 deliverables\Slimbox_180DC_Project_Proposal.pdf,Slimbox_180DC_Project_Proposal.pdf,.pdf,186143,2026-07-04T13:35:04+02:00,fd63e7e892fd64e5141fb81127d3ef2d19b5b729c6376900b4b22c5d7aeb07f9,DUP-005,3,page,proposal/brief,SlimBox,impact measurement; sustainability / circular economy; market research / growth,medium,scope/internal planning,Slimbox_180DC_Project_Proposal,"180 Degrees Consulting Project Brief PROJECT SCOPE Organizational Background Organization: SlimBox Services:Slimbox is a Belgian for-profit companywho developed a new machine that enables to createcustomised packages for products that have to be shipped. When packages are shipped with traditionalpackaging methods, one can see there is usually too much air in the package which makes the shippinginefficient. There are more carbon emissions as the package takes more place in transportation thanwhat the product actually needs. This is also inefficient from an economic perspective as companies tendto pay for more space and weight in transport than what the product actually really needs. By proposingtheir machine to companies, Slimbox enables their customers to make savings from an environmentaland economic perspective. Customers:Slimbox targets B2B customers in Europewho send numerous packages. Slimbox also hasambitions in the short-term to penetrate the US market. Contact Persons:- Filip Roose (co-founder) The problem:Slimbox is a young company and tends to struggle with selling its product to customers. One reason forthis is that they lack strong marketing materials to target customers efficiently. One way to counter this isby having a third-party (=180DC) that could develop an impact measurement calculation of their solutionfrom an environmental as well economic perspective compared to a standard solution. This way, Slimboxwill be able to use the economic- and environmental savings computations when using their machine asa new marketing resource. 180 Degrees Consulting Support: How are we approaching the problem? ● Internal analysis:○ Understand the company and its resources○ Get an understanding of how the machine works ● External analysis:○ Make an assessment of what is traditionally proposed on the market○ Assessment of standard economic and environmental costs when using packages that aretoo large.● Impact measurement computation:○ Environmental Impact measurement"
DOC-179,C:\Users\User\Desktop\180 deliverables\Speìcifications du Produit_TKE.pdf,Speìcifications du Produit_TKE.pdf,.pdf,1317421,2026-07-04T13:54:52+02:00,4d6e4a5fdfc9e208ce0c840c91616b088d0e908b2bddb1701d369543be4285ea,,10,page,unclear/review,BCI,sustainability / circular economy; organization / governance; digital / product,medium,commercial/financial data,,"CEE-TCD-001-01-BCI-FAA01-FR Page 1 sur 10 FAA01 BAREFOOT COLLEGE INTERNATIONAL (BCI) DESCRIPTION ET SPECIFICATIONS TECHNIQUES DU PRODUIT 18 Décembre 2023 CEE-TCD-001-01-BCI-FAA01-FR Page 2 sur 10 VERSION DATE AUTEUR COMMENTAIRE 01 22.12.2023 Seynabou Coulibaly v.1.0 CEE-TCD-001-01-BCI-FAA01-FR Page 3 sur 10 Table des matières 1 Introduction ................................ ................................ ................................ ..................... 4 2 Panneau photovoltaïque ................................ ................................ ................................ .. 4 3 Onduleur-chargeur solaire ................................ ................................ ............................... 5 4 Batterie solaire GEL ................................ ................................ ................................ ........ 8 5 Annexes ................................ ................................ ................................ ........................ 10 CEE-TCD-001-01-BCI-FAA01-FR Page 4 sur 10 1 Introduction Le présent document est une proposition de prix à l'attention de Barefoot Collège International (BCI. L’organisation requiert un approvisionnement de 1500 panneaux pour ses opérations au Sénégal. Les produits techniques visés par cette description sont les suivants :  Panneau photovoltaïque (475Wc/24v)  Onduleur chargeur solaire (1000W/24v)  Batterie solaire (200Ah/12V) . 2 Panneau photovoltaïque Le générateur photovoltaïque consiste en la connexion d'un certain nombre de modules photovoltaïques en série et/ou en parallèle. Les modules photovoltaïques convertissent l'énergie solaire en énergie électrique, produisant un courant continu proportionnel à l'irradiance solaire reçue. Le module photovoltaïque ch oisi est conforme à toutes les exigences de qualité et de sécurité pour les applications connectées ou hors réseau. Le panneau photovoltaïque est présenté sur la figure ci-dessous : IMAGE 1 – PANNEAU CONSIDÉRÉ Les panneaux photovolt"
DOC-180,C:\Users\User\Desktop\180 deliverables\Stahili Deliverable 1.0 FINAL.pptx,Stahili Deliverable 1.0 FINAL.pptx,.pptx,10664374,2026-07-04T13:55:38+02:00,cb3a08630e7ee7e5ff6ba242bd1ec1005aeeaa1770c9fdff559163fa0c26c3e2,,33,slide,consulting deliverable,Stahili,sustainability / circular economy; market research / growth; fundraising / partnerships,high,commercial/financial data; client analysis and recommendations,PowerPoint Presentation,"September 2016 DATE: Apr 19 2024 STAHILI DELIVERABLE 1 & Stahili means ‘to deserve’ in Swahili. Stahili believes that every child deserves to fulfil his or her potential and to be protected. AGENDA FOR TODAY Analysis of Stahili with initial recommendations Presentation of findings from NPO funding and budgeting strategies with initial recommendations Funding and budgeting analysis 01 Analysis and expansion possibilities of Stahili’s operations Operational analysis and expansion possibilities 02 Analysis of regulatory environment in Netherlands, USA and Kenya Regulatory analysis 04 Analysis of board requirements in Netherlands, USA and Kenya Board requirements research findings 03 STAHILI’S FUNDING AND BUDGETING STRATEGY Advocating for family-based care, children's rights, fighting child abuse and working to end orphanage trafficking Stahili’s funding challenge Providing psychosocial and counseling services, and trainings for social workers Helping children who grew up in foster care return to their families Building partnerships with local authorities, community members and other NGOs Lack of consistent funding - limit Stahili's ability to make lasting impact Long-term financial stability is crucial for NPOs like Stahili to fulfil missions effectively Financial stability - credibility and trust among stakeholders, fostering donor and partner support M ore personalized message If funding fails to be procured, Stahili will face stagnation with regards to the impact they can have Creating Lasting Change Stahili's core operations Overview of funding and budgeting Outlines how the organization intends to secure financial resources to support its mission and operations, encompassing diverse methods such as grants, donations, sponsorships, and earned revenue streams Funding Involves planning and allocating financial resources to support its programs, operations, and initiatives, while also ensuring transparency and accountability to stakeholders Budgeting Stahili to improv"
DOC-181,C:\Users\User\Desktop\180 deliverables\Stahili Deliverable 3.pptx,Stahili Deliverable 3.pptx,.pptx,2255666,2026-07-04T13:55:44+02:00,ed0f6e106ae56508fcb06c68a2cace1481e370285d4f159dc1f1c7b72bfc7a08,,24,slide,consulting deliverable,Stahili,sustainability / circular economy; market research / growth; fundraising / partnerships,high,commercial/financial data; client analysis and recommendations,PowerPoint Presentation,"September 2016 2024/07/11 STAHILI DELIVERABLE 3 & Stahili means ‘to deserve’ in Swahili. Stahili believes that every child deserves to fulfil his or her potential and to be protected. AGENDA FOR TODAY Stahili final deliverable approach Analysis of grantor market in US, Netherlands and Kenya Identify opportunities for expansion for Stahili Grantor Market Analysis 01 Funding strategy Budgeting approach Funding and budgeting strategy 02 Grant based expansion Further opportunities A different approach Operational expansion 03 Stakeholder management frameworks Fit for Stahili Stakeholder engagement plan Stakeholder Management R ecommendations 04 Methodology Where can organisations apply from? What is the fund’s general theme? - (Civil society, research, healthcare) Screening 1. Alignment with Stahili’s goals and mission 2. Eligibility requirements 3. Funding amount and duration 4. Application process & timeline Selecting Grants available to Stahili currently or adjacent to current activities Grantor Market in the USA To secure funding, an NPO in the USA should tap into diverse sources such as government grants, private philanthropy, corporate CSR initiatives, and grant-making foundations, tailoring proposals to align with private philanthropy's focus on charitable foundations and significant donations. There’s a variety of sources in America including government grants and contracts, private foundations, corporate giving programs, individual philanthropy and crowdfunding platforms. DIVERSE FUNDING LANDSCAPE 01 The US has a long tradition of private philanthropy. Many wealthy individuals and families establish charitable foundations or making significant donations to support social causes. PRIVATE PHILANTHROPY 02 Some of the largest and most influential philanthropic organisations which fund a wide range of causes and initiatives GRANT MAKING FOUNDATIONS 04 American corporations often engage in CSR initiatives including charitable giving, employee volunteer programs and c"
DOC-182,C:\Users\User\Desktop\180 deliverables\Stahili Final Report.docx.pdf,Stahili Final Report.docx.pdf,.pdf,513090,2026-07-04T13:55:46+02:00,23f7c55332aa1d1433a34f2c31ce73d82f737465af7020a4980f3d4092114e27,,55,page,consulting deliverable,Stahili,sustainability / circular economy; fundraising / partnerships; business plan / financial,medium,client analysis and recommendations,Stahili Final Report.docx,"180DEGREESCONSULTING Reporttemplateversion1.1 CONSULTANTPROFILES BALINTBAJKAI TEAMLEADb.bajkai@180dc.org l ASHVYNNAETHANSELVANANDAM CONSULTANT LINAPUTHENGOT CONSULTANT TAMARACHANGBRAHIM CONSULTANT NISHIKASOOD CONSULTANT IOANABELA CONSULTANT OMARELKHAMLOUSSY CONSULTINGDIRECTORo.elkhamloussy@180dc.org Theensuingreportistheproductofapproximatelyfourmonths'workandconsistsofthe researchconductedfortheslidedeckspresentedalongthecourseofthisproject.Our team,ledbyBalintBajkai,primarilyconsistsofstudentsfromtheErasmusUniversity Rotterdam,withNishikaSoodandIoanaBelahavingjoinedremotelyfromBocconi UniversityMilan. 180Degrees Consulting 2 CONTENTS CONSULTANTPROFILES 2CONTEXT&OBJECTIVES 4THECLIENTMISSION 5CURRENTCHALLENGES 5GRANTORANDDONORANALYSIS 6DONORMARKETS 6THENETHERLANDS: 6KENYA: 7USA: 8SHORTCOMPARISON: 9TYPESOFGRANTSFOUNDINEACHJURISDICTION: 9THENETHERLANDS: 9KENYA: 9THEUS: 10ADDITIONALINFORMATION: 10RECOMMENDATION 11MODULE1 11FUNDINGSTRATEGIESUSEDBYNPOs 12BUDGETINGSCHEMESUSEDBYNPOs 13ADVANTAGESANDDISADVANTAGESOFFUNDINGANDBUDGETINGSCHEMES14KeyFactorsof amixedapproachfundingstrategy 18KeyFactorsof EarnedIncome 19IN-DEPTHANALYSIS 20RECOMMENDATIONS 21MODULE2 22NPOsBASEDINKENYA–WORKINGWITHCHILDREN 22MAINCATEGORIESBASEDONLIST: 30SUMMARY 32MODULE3 32Boardrequirements 32THENETHERLANDS: 32KENYA: 33 180Degrees Consulting 3 THEUS: 36Regulatoryenvironments 37Regulatoryenvironment inKenya: 37Regulatoryenvironment intheNetherlands: 39TAKEAWAY 42MODULE4 42STAKEHOLDERIDENTIFICATIONFRAMEWORK 42A. Stakeholder analysis 43B. Stakeholder management: 45Best Practicesfor TransparencyinNGOs 47RECOMMENDATIONS 51Loweringexpenses 51Increasecurrent income 51Expandintonewincomesources 52Positionfor futuresuccess 52Conclusion 52DISCLAIMER 54180DEGREESCONSULTING 55 CONTEXT&OBJECTIVES 180Degrees Consulting 4 THECLIENTMISSION StahiliisanNGOoperatinginKenya,theNetherlands,andtheUS,focusedoncreating solutionstostrengthenfamiliesandcommunitiestopreventfamilyseparationandbuild resilience.CentraltoStahili’smi"
DOC-183,C:\Users\User\Desktop\180 deliverables\Subul Impact Outsourcing Project Brief 2 (1).pdf,Subul Impact Outsourcing Project Brief 2 (1).pdf,.pdf,103732,2026-07-04T13:22:12+02:00,45a09b8e831d832142a19872cf8dcdef042034125e3cafdd98b69ad440cf2c0e,DUP-006,3,page,proposal/brief,Subul,sustainability / circular economy; operations / procurement; business plan / financial,medium,scope/internal planning,Subul Impact Outsourcing Project Brief 2 - Google Docs,"180 Degrees Consulting Project Brief 2 — Subul PROJECT SCOPE Organizational Background: Subul is based in The Hague and is focused on societal transformation through resilience and social innovation. Founded by refugees, Subul supports refugees in the Middle East and Europe by upskilling them in the tech industry and assisting in job placement. Subul has two main parts of its organization: Hiring and Impact Outsourcing. Their Hiring division focuses on matching professionals from refugee and disadvantaged communities with tech companies that want to make a positive impact and hire untapped talent. Subul’s Impact Outsourcing feature helps businesses grow and make societal change through outsourcing projects to high-skilled refugees. DELIVERABLES For this engagement, 180 Degrees Consulting will produce the following key deliverables: Deliverable 1: Business Model Design & Operational Framework 1. Business Model Architecture 1.1. Deﬁne the end-to-end process for matching camp-based refugees with international or local companies 1.2. Establish the Team Leader hierarchy (e.g., Netherlands-based refugees managing remote teams) 1.3. Outline the value proposition for partner companies 2. Market & Compliance Analysis 2.1. Identify target industries and speciﬁc job roles suitable for short-term and long-term employment 2.2. Map legal and compliance requirements for cross-border payments and employment in camp settings 2.3. Assessment of necessary digital infrastructure and connectivity requirements 3. Skills Mapping & Capacity Building 3.1. Deﬁne the baseline skills required for the 20 target roles 3.2. Deﬁne key components of a rapid ""upskilling"" or orientation module to prepare candidates for the workforce Deliverable 2: Research Validation & Stakeholder Engagement 1. Field Validation & Feasibility 1.1. Conduct interviews/surveys within the youth and adult camps to verify interest and current skill levels 1.2. Identify the speciﬁc ""at-risk"" groups 2. Partner & Employer Matc"
DOC-184,C:\Users\User\Desktop\180 deliverables\Subul Impact Outsourcing Project Brief 2.pdf,Subul Impact Outsourcing Project Brief 2.pdf,.pdf,103732,2026-07-04T05:28:20+02:00,45a09b8e831d832142a19872cf8dcdef042034125e3cafdd98b69ad440cf2c0e,DUP-006,3,page,proposal/brief,Subul,sustainability / circular economy; operations / procurement; business plan / financial,medium,scope/internal planning,Subul Impact Outsourcing Project Brief 2 - Google Docs,"180 Degrees Consulting Project Brief 2 — Subul PROJECT SCOPE Organizational Background: Subul is based in The Hague and is focused on societal transformation through resilience and social innovation. Founded by refugees, Subul supports refugees in the Middle East and Europe by upskilling them in the tech industry and assisting in job placement. Subul has two main parts of its organization: Hiring and Impact Outsourcing. Their Hiring division focuses on matching professionals from refugee and disadvantaged communities with tech companies that want to make a positive impact and hire untapped talent. Subul’s Impact Outsourcing feature helps businesses grow and make societal change through outsourcing projects to high-skilled refugees. DELIVERABLES For this engagement, 180 Degrees Consulting will produce the following key deliverables: Deliverable 1: Business Model Design & Operational Framework 1. Business Model Architecture 1.1. Deﬁne the end-to-end process for matching camp-based refugees with international or local companies 1.2. Establish the Team Leader hierarchy (e.g., Netherlands-based refugees managing remote teams) 1.3. Outline the value proposition for partner companies 2. Market & Compliance Analysis 2.1. Identify target industries and speciﬁc job roles suitable for short-term and long-term employment 2.2. Map legal and compliance requirements for cross-border payments and employment in camp settings 2.3. Assessment of necessary digital infrastructure and connectivity requirements 3. Skills Mapping & Capacity Building 3.1. Deﬁne the baseline skills required for the 20 target roles 3.2. Deﬁne key components of a rapid ""upskilling"" or orientation module to prepare candidates for the workforce Deliverable 2: Research Validation & Stakeholder Engagement 1. Field Validation & Feasibility 1.1. Conduct interviews/surveys within the youth and adult camps to verify interest and current skill levels 1.2. Identify the speciﬁc ""at-risk"" groups 2. Partner & Employer Matc"
DOC-185,C:\Users\User\Desktop\180 deliverables\SUBUL_180DC Service Agreement.pdf,SUBUL_180DC Service Agreement.pdf,.pdf,306776,2026-07-04T13:22:14+02:00,fdd241c5a9d9440dffcc670de0a8fe4b8a5bf1d4926da2de0b1840016900238e,,10,page,contract/agreement,Subul,brand / marketing; strategy,high,legal terms/signatures; commercial/financial data,,"Date: 19 / 12 / 2025 180 Degrees Consulting Delft-Rotterdam Foundation (KVK 74037587) and Stichting Roia, (KVK 73304867) SERVICES AGREEMENT 1 180d0001_10273_048.docx Docusign Envelope ID: 8EEAFDD2-9FE8-47F9-A507-1BF928BA5FAC THIS AGREEMENT is made on 19 / 12 / 2025 BETWEEN : 1. 180 Degrees Consulting Delft-Rotterdam Foundation (KVK 74037587) of Honingerdijk 71A01, 3063AK, Rotterdam (“the Branch ”); and 2. Stichting Roia, (KVK 73304867) of Harstenhoekstraat 60, 2587RH 's-Gravenhage (“the Client ”), each a “ Party ” and together the “ Parties ”. RECITALS : A. The Client has engaged the Branch to provide the Services to the Client in consideration for the payment by the Client to either the Branch or the Nominee of the Service Fee in accordance with the terms of this agreement. IT IS AGREED AS FOLLOWS : 1. DEFINITIONS AND INTERPRETATION 1.1 Definitions In this agreement: 180 Degrees Consulting Global means 180 Degrees Consulting Limited (ACN 155 496 987). 180 Degrees Entities means 180 Degrees Consulting Global and its individual branches, licensees, franchisees, and affiliates (both in Australia and internationally), 180 Degrees Consulting US NFP (employer identification number 46-5092877) or a Related Entity of 180 Degrees Consulting Global. 180 Degrees Group means the Branch, 180 Degrees Consulting Global, and the 180 Degrees Entities. Claims means any and all actual or contingent claim, notice, demand, dispute, suit, action, potential cause of action, right, obligation, demand, proceeding, litigation, investigation, judgment, damage, loss, cost, payment, expense or liability however arising, whether present, 2 180d0001_10273_048.docx Docusign Envelope ID: 8EEAFDD2-9FE8-47F9-A507-1BF928BA5FAC unascertained, immediate, future or contingent, whether based in contract, tort, at law, in equity or statute, and whether involving a third party or a party to this agreement, including, without limitation, claims arising out of or relating to, or in any way touching upon or c"
DOC-186,C:\Users\User\Desktop\180 deliverables\sunXellence_GELVRLA12-200_datasheet (002).pdf,sunXellence_GELVRLA12-200_datasheet (002).pdf,.pdf,293505,2026-07-04T13:54:54+02:00,91cd5c5c7f8b77a76c43cb1d8cad79ef11582a75b5790e9ed4e692bcc30442bd,,2,page,unclear/review,sunXellence GELVRLA datasheet,organization / governance; digital / product,low/unknown,manual review required,SG200_12-60kg,1/2 TECHNICAL SPECIFICATIONS BATTERY DISCHARGE TABLE Constant Current Discharge Characteristics: Amps (25°C) Constant Power Discharge Characteristics: W/cell (25°C) F.V /T im e 5 m in 1 0 m in 1 5 m in 30 m in 1 h 2 h 3 h 4 h 5 h 8 h 1 0 h 2 0 h 1 .6 0 V 5 7 0 4 2 5 3 55 2 2 1 1 3 4 78 .5 5 6 .7 4 5 .2 37 .6 2 5 .7 2 1 .2 1 1 .4 1 .6 7 V 5 0 9 3 9 2 3 34 2 1 1 1 3 0 77 .2 5 6 .0 4 4 .6 37 .1 2 5 .4 2 0 .9 1 1 .2 1 .7 0 V 4 5 4 3 5 6 3 16 2 0 3 1 2 7 76 .1 5 5 .3 4 4 .1 36 .8 2 5 .1 2 0 .7 1 0 .9 1 .7 5 V 3 9 5 3 3 1 2 93 1 9 6 1 2 5 74 .8 5 4 .5 4 3 .6 36 .4 2 4 .7 2 0 .4 1 0 .7 1 .8 0 V 3 4 9 3 0 1 2 73 1 8 7 1 2 1 73 .2 5 3 .4 4 2 .6 35 .5 2 4 .1 2 0 .0 1 0 .5 1 .8 5 V 2 9 9 2 7 1 2 49 1 7 7 1 1 5 70 .4 5 1 .7 4 1 .4 34 .6 2 3 .6 1 9 .5 1 0 .3 F.V /T im e 5 m in 1 0 m in 1 5 m in 30 m in 1 h 2 h 3 h 4 h 5 h 8 h 1 0 h 2 0 h 1 .6 0 V 1 0 0 4 7 6 4 6 47 4 0 8 2 4 9 13 3 9 6 .3 7 7 .1 64 .5 4 4 .5 3 6 .9 1 9 .9 1 .6 7 V 9 0 7 7 1 1 6 14 3 9 2 2 4 4 13 1 9 5 .8 7 6 .5 64 .1 4 4 .1 3 6 .6 1 9 .6 1 .7 0 V 8 2 0 6 5 3 5 85 3 8 0 2 4 0 13 0 9 5 .3 7 6 .3 64 .0 4 3 .9 3 6 .4 1 9 .3 1 .7 5 V 7 2 2 6 1 4 5 49 3 7 0 2 3 7 12 9 9 4 .6 7 6 .1 63 .7 4 3 .7 3 6 .2 1 9 .1 1 .8 0 V 6 4 6 5 6 4 5 17 3 5 7 2 3 2 12 8 9 3 .6 7 5 .0 62 .7 4 3 .0 3 5 .8 1 8 .9 1 .8 5 V 5 6 3 5 1 4 4 76 3 4 0 2 2 4 12 4 9 1 .3 7 3 .5 61 .7 4 2 .3 3 5 .0 1 8 .5 o 14.4-14.8V (-5mV/ cell / C) o 13.6-13.8V (-3mV/ cell/ C) o Float Charge Voltage (20~25 C) Self Discharge Short Circuit Current 4000 A Ambient Temperature Approx. Weight Terminal Type Max. Charge Current Internal Resistance 50 A Female Copper Insert M8 (torque:10~12N.m) Max. Discharge Current (5S) 1000 A o Charge: -15~40 C o Storage: -15~40 C Container Material Approx. 0.003 Ohm (fully charged @ 20°C) Approx. 3% per month @ 20°C Discharge: -15~50°C Equalize and cycle Use Charge Voltage (20~25°C) o Nominal Capacity (20 C) o Designed Floating Life (20 C) 12 Years Nominal Voltage (V) 12 (6 cells per unit) 200 Ah @ 10HR-rate (to 1.80Vpc) Dimension (mm)
DOC-187,C:\Users\User\Desktop\180 deliverables\Tagging System.pdf,Tagging System.pdf,.pdf,85257,2026-07-04T13:56:06+02:00,3668bd2c224e91fba6394f60960f0436ff8ac556705bc65308a1cb4571ef45b8,,10,page,reference/source,BCI,operations / procurement; digital / product,medium,third-party copyrighted source,Explanation tier system.docx,"In order to create a more granular overviewof the different tags we created a Tier list (Tier 1-4). Tier 1groups the tag in a very general category. If the tag can be specified even further, the other Tier levelsprovide more detailed information. This is an overviewof all of thenewTier levels. Tier levelscanreferto more than one tag category and sometimes Tier 1 tagscannot bespecifiedfurther, whereassometimesit ispossibletospecifyuntil Tier 4. Note: InTier 4: “(x)%…”isusedwhentherearemultiplepercentagesinTier 4. Tier1 Tier2 Tier3 Tier4 LeatherandAlternatives Leather 100Leather VegetableTannedLeather SheepskinLeather UpcycledLeather Goat Leather RecycledLeather Plant-basedleather AppleLeather Tier1 Tier2 Tier3 Tier4 MetalsandMinerals Ceramic Gold RecycledGold 14CTRecycledGold 15-MicronRecycledGold 14CTGold 10014CTGold 18CTGold 10018CTGold Pearls Sweet Water Pearls Silver RecycledSterlingSilver 925-RecycledSterlingSilver 100RecycledSterlingSilver 925Silver 100925Silver Tier1 Tier2 Tier3 Tier4 Natural Materials Algae BloomAlgaeFoamSoles Bamboo (x)%Bamboo BambooViscose 54BambooViscose Cashmere 100Cashmere RecycledCashmere 100RecycledCashmere 10RecycledCashmere Coconut Coconut Buttons Cork Corn RecycledCorn Cotton BCI Cotton 100BCI Cotton 96BCI Cotton CottonStitchingYarn OrganicCotton (x)%OrganicCotton Post ConsumerRecycledCotton 20Post ConsumerRecycledCotton PreConsumerRececyledCotton (x)%PreConsumerRececyledCotton RecycledCotton (x)%RecycledCotton UndyedCotton Duck DuckDown 90DuckDown DuckFeathers 10DuckFeather Flax 10Flax Hemp (x)%Hemp RecycledHemp Latex Natural Latex 100Natural Latex Linen (x)%Linen OrganicLinen 100OrganicLinen Mohair Paper RecycledPaper 100RecycledPaper Raffia 100Raffia Seacellitm Silk CactusSilk TaguaNut Wool AlpacaWool 15AlpacaWool MulesingFreeLambswool 100MulesingFreeLambswool MulesingFreeWool (x)%MulesingFreeWool OrganicMulesingFreeWool 100OrganicMulesingFreeWool RecycledWool (x)%RecycledWool SheepWool 100SheepWool YakWool 100YakWool Tier1 Tier2"
DOC-188,C:\Users\User\Desktop\180 deliverables\The Good News Deliverable 1.pdf,The Good News Deliverable 1.pdf,.pdf,1998861,2026-07-04T14:00:42+02:00,35116b98f94993fd5ac3cc4ff7950b412af1c89d6584e9224d54a8b69054ace3,,44,page,consulting deliverable,The Good News,brand / marketing; operations / procurement; business plan / financial,high,commercial/financial data; client analysis and recommendations,,"September 2016 DATE: 07/12/2025 The Good News – Deliverable 1 We meet the needs of non-profits for very affordable, high-quality strategic and operational advice by utilizing the untapped potential of top university talent. WHAT IS 180 DEGREES? 3180 DEGREES CONSULTING Consulting Director JAMES WARD Consultant AHAAN ROY Consultant BERKHAN CELEBI Consultant HENDRIK VON AHN Team Lead DIYA MENON Consultant MAYA GOVIND Consultant YAHIA SALEM Meet our great team Presentation agenda Organization & Product Overview Social Media Engagement Internal Systems Current Revenue Streams Future Revenue Streams Team Structure Q&A ORGANIZATION OVERVIEW"
DOC-189,C:\Users\User\Desktop\180 deliverables\The Good News Deliverable 2.pdf,The Good News Deliverable 2.pdf,.pdf,1918766,2026-07-04T14:00:46+02:00,d569aafbebfa61ed1c96678084e89662851d4bf2435bb9773cfc5197c77392b6,,54,page,consulting deliverable,The Good News,market research / growth; brand / marketing; fundraising / partnerships,high,commercial/financial data; client analysis and recommendations,,"September 2016 DATE: 28/12/2025The Good News – Deliverable 2 Presentation agenda Revenue Optimization Strategies New Directions for Revenue Growth Competitor Analysis KSA & UAE Market Analyses Implementation Plan for KSA & UAE Entry Implementation Plan for Revenue Growth Q&A REVENUE OPTIMIZATION STRATEGIES 180 DEGREES CONSULTING 4 Build long-term partnerships through the core projects Make use of large network of companies, governmental and social organizations by signing mutually beneficial agreements Implement a paid access scheme where companies get to promote opportunities to have access to top tier student potential The Good Intern The Good Project The Good Academy Contact organizations to sponsor graduates of The Good Project to further strengthen their social media affinity Formalize partnerships with institutions to deliver workshops, trainings or digital campaigns to different audiences 180 DEGREES CONSULTING 5 Expand advertisement revenue through clever packaging TGN is heavily concentrated in advertising(≈85%) making incomecyclicaland dependent on employer demand Shift ad placements toward high-reach platforms (YouTube, Facebook) to stabilize monthly income Focus on high-reach platforms Introduce long-term contracts & NDAs with strategic advertisers for fixed annual commitments Enable long-term partnership agreements Create thematic advertising bundles (e.g., Women in Business, Student Careers, Positive News Week) Offer thematic advertisement bundles Develop tiered advertising packages for SMEs vs. large corporate firms & governments with different pricing and scope Offer tiered advertisement packages Offer multiple placement deals in line with the social media channels used by employer (e.g. Instagram, TikTok & Facebook ad campaigns) Create multiple placement deals Track the advertisement reach and review the statistics together with the company Share ad performance review with employers"
DOC-190,C:\Users\User\Desktop\180 deliverables\The Good News Deliverable 3.pdf,The Good News Deliverable 3.pdf,.pdf,1449711,2026-07-04T14:00:48+02:00,76e4c578bca587d202fb2c34f5c3cb69d8b72bf05a872760db4770dc9e9681ef,,28,page,consulting deliverable,The Good News,market research / growth; fundraising / partnerships; business plan / financial,high,commercial/financial data; client analysis and recommendations,,"September 2016 DATE: 28/01/2026The Good News – Deliverable 3 Presentation agenda General Pitching Structure Public Grant Opportunities Additional Investor Opportunities Q&A Private Grant Opportunities GENERAL PITCHING STRUCTURE 180 DEGREES CONSULTING 4 Focus on the impact and future plans to scale The Good News This general structure can be used to effectively target prospective investors. 31 6 42 Outline the market opportunities, vision for the future, and their relevance The Opportunity Briefly introduce The Good News, the team, the mission and your personal connection to the mission Introduction Highlight the problem that The Good News aims to resolve, outline the desired impact and why TGN can help achieve it The Problem Briefly talk about future expansion plans, how the investment will be used and any shortcomings it will help resolve The Future Show The Good News’ reach, engagement and other milestones (workshops, The Good Intern) to show evidence of real impact The Impact 5 Outline the main business model, revenue sources (focus on workshop and partnerships) and highlight profitability The Business Model PUBLIC GRANT OPPORTUNITIES"
DOC-191,C:\Users\User\Desktop\180 deliverables\The Green Table 03 - 180dc (1).pdf,The Green Table 03 - 180dc (1).pdf,.pdf,7112624,2026-07-04T14:00:26+02:00,a158e28109d6d375c20f9c8512ba077fe70cf5c7fd27792441a0aa0d7885f7b5,DUP-007,94,page,consulting deliverable,The Green Table,sustainability / circular economy; market research / growth; brand / marketing,high,commercial/financial data; client analysis and recommendations,,"THE GREEN TABLE EXIT STRATEGY First Deliverable NOVEMBER 2025 2180 DEGREES CONSULTING Meet our consulting team Team Leader Matteo Piana Consultant Natalie Zaytsev Gijs Frederik Van Der Velde Consultant Thu Huong Vu Consultant Theo Annendijck Consultant Consulting Director Anna Sloan 3180 DEGREES CONSULTING Executive summary The Green Table is a mission-driven food company operating at the intersection of health, sustainability and convenience. With Nutri-Score A/B products, hypoallergenic recipes and 67–110% of daily vegetable intake per meal, The Green Table addresses the rising demand for health-conscious meal solutions while offering an unmatched “grab-and-go” convenience. Our analysis shows that The Green Table is transitioning from early validation to scalable, financially sustainable growth. Revenue is expanding rapidly through international channels, EBIT is projected to turn positive in 2026 and cumulative cash flow becomes strongly positive from 2027 onwards, enabling self- financed expansion by 2030. At the same time, market conditions are favourable: sustainable food adoption in the Netherlands continues to rise, institutional catering is growing at 8.6% CAGR and international markets such as Canada and the UAE offer high-growth environments for plant-based ready meals. Although the brand captures only 0.3% of the €1.7B Dutch organic market, it is operating in fast-moving segments with substantial growth. Competitor mapping confirms that The Green Table fills a clear market gap. While brands like Lazy Vegan, De Vegetarische Slager and HAK compete on convenience or shelf stability, none combine long ambient shelf life, fully plant-based nutrition and international meal variety. Based on this trajectory, the first deliverable identifies four ideal categories of potential acquirers: private equity firms specialising in SMEs, wholesale food distributors, F&B holding companies and mid-sized European retail chains. For each category, we outline value alignment,"
DOC-192,C:\Users\User\Desktop\180 deliverables\The Green Table 03 - 180dc.pdf,The Green Table 03 - 180dc.pdf,.pdf,7112624,2026-07-04T07:14:00+02:00,a158e28109d6d375c20f9c8512ba077fe70cf5c7fd27792441a0aa0d7885f7b5,DUP-007,94,page,consulting deliverable,The Green Table,sustainability / circular economy; market research / growth; brand / marketing,high,commercial/financial data; client analysis and recommendations,,"THE GREEN TABLE EXIT STRATEGY First Deliverable NOVEMBER 2025 2180 DEGREES CONSULTING Meet our consulting team Team Leader Matteo Piana Consultant Natalie Zaytsev Gijs Frederik Van Der Velde Consultant Thu Huong Vu Consultant Theo Annendijck Consultant Consulting Director Anna Sloan 3180 DEGREES CONSULTING Executive summary The Green Table is a mission-driven food company operating at the intersection of health, sustainability and convenience. With Nutri-Score A/B products, hypoallergenic recipes and 67–110% of daily vegetable intake per meal, The Green Table addresses the rising demand for health-conscious meal solutions while offering an unmatched “grab-and-go” convenience. Our analysis shows that The Green Table is transitioning from early validation to scalable, financially sustainable growth. Revenue is expanding rapidly through international channels, EBIT is projected to turn positive in 2026 and cumulative cash flow becomes strongly positive from 2027 onwards, enabling self- financed expansion by 2030. At the same time, market conditions are favourable: sustainable food adoption in the Netherlands continues to rise, institutional catering is growing at 8.6% CAGR and international markets such as Canada and the UAE offer high-growth environments for plant-based ready meals. Although the brand captures only 0.3% of the €1.7B Dutch organic market, it is operating in fast-moving segments with substantial growth. Competitor mapping confirms that The Green Table fills a clear market gap. While brands like Lazy Vegan, De Vegetarische Slager and HAK compete on convenience or shelf stability, none combine long ambient shelf life, fully plant-based nutrition and international meal variety. Based on this trajectory, the first deliverable identifies four ideal categories of potential acquirers: private equity firms specialising in SMEs, wholesale food distributors, F&B holding companies and mid-sized European retail chains. For each category, we outline value alignment,"
DOC-193,C:\Users\User\Desktop\180 deliverables\The Soul Park - Deliverable 1.docx.pdf,The Soul Park - Deliverable 1.docx.pdf,.pdf,1061484,2026-07-04T13:52:58+02:00,4ef049dd24e26882c4de786f74ffd2e8feed96c63e360adcebc0e909b143a343,,24,page,consulting deliverable,The Soul Park,fundraising / partnerships; operations / procurement; business plan / financial,medium,client analysis and recommendations,The Soul Park - Deliverable 1.docx,"Tableof Content Introduction....................................................................................................................................2Chapter1: Grants............................................................................................................................31.2ImplicationsForTheSoul Park................................................................................................... 7Chapter2: EquityInvestment..........................................................................................................92.1VentureCapitalist.....................................................................................................................102.2Start-upIncubators...................................................................................................................132.3ImplicationsForTheSoul Park................................................................................................. 14Chapter3: Crowdfunding(Kickstarter)...........................................................................................163.1ImplicationsForTheSoul Park................................................................................................. 17Chapter4: Conclusion&Recommendation....................................................................................18References.................................................................................................................................... 20 1 IntroductionAging is a very painful process amidst the uncertainty of human life. It is no brainer thathumans are all limited beings with specific functions working hard till the bones crack. Thevast socio-economic reformpeople build around themmay step-in when inneedbut havingthe security of peaceful aging is still a dreammany couldn’t afford. Falling sick, running tothe hospitals, claiming insurance, regular medication, periodical medical examinations, O’poor souls! Theydeservebetter. Addressi"
DOC-194,C:\Users\User\Desktop\180 deliverables\The Soul Park - Deliverable 2.docx.pdf,The Soul Park - Deliverable 2.docx.pdf,.pdf,1083621,2026-07-04T13:53:00+02:00,f07354ab14225468858dadf9d897040b147bd6bb8906df8b011c68e822826d83,,11,page,consulting deliverable,The Soul Park,sustainability / circular economy; operations / procurement; strategy,medium,client analysis and recommendations,The Soul Park - Deliverable 2.docx,"TheSoul ParkBusinessModelJune2023 Tableof Content Introduction....................................................................................................................................2Chapter1: KeyFacilities...................................................................................................................3Chapter2: DiningandBarArea....................................................................................................... 4Chapter3: TheWorldofDogs..........................................................................................................5Chapter 4: Medical Center.....................................................................................................6Chapter 5: Endof Life............................................................................................................7Conclusion&Recommendations.........................................................................................9References.................................................................................................................................... 10 1 Introduction Aging is a very painful process amidst the uncertainty of human life. It is no brainer thathumans are all limited beings with specific functions working hard till the bones crack. Thevast socio-economic reformpeople build around themmay step-in when inneedbut havingthe security of peaceful aging is still a dreammany couldn’t afford. Falling sick, running tothe hospitals, claiming insurance, regular medication, periodical medical examinations, O’poor souls! Theydeservebetter. Addressing this very specificdemandtherearemultiplenuclear start up’swhodooneor twotasks mentioned above but don't completely own the end-to-end needsof aging&disability.Acalm, rejoicingretirement withthetouchof apersonal healthcaresystemiswhat TheSoulPark provides. The idea is to celebrate old age &disability, to empower themwiththebasicrecreational needstoadvancedhealthcarenursingall u"
DOC-195,C:\Users\User\Desktop\180 deliverables\TheLiveShow Final Project Brief.pdf,TheLiveShow Final Project Brief.pdf,.pdf,695560,2026-07-04T13:57:02+02:00,7d9b4b5543a315a24ece02a3f235d27aeda9898521a3fe5c46c7ad03428e1eb2,,6,page,proposal/brief,Liveshow,market research / growth; brand / marketing; operations / procurement,medium,scope/internal planning,,"Project Scope 6 July 2023 PROJECT BRIEF The LiveShow.in Industry: Entertainment Contact Details 180 Degrees Consulting Delft-Rotterdam Bartosz Kolodziej President +48 795448159 b.kolodziej@180dc.org Sriteja Devarakonda Consulting Director +31 0622938321 s.devarakonda@180dc.org The LiveShow.in Mukesh Barman Co-founder +91 70930 04987 mbarman@theliveshow.in Our Branch The Delft-Rotterdam branch is composed of several teams of 5-6 consultants and a project leader with academic expertise both at business level and technical level. One team will be assigned to work on this project throughout the four -month cycle. With a multidisciplinary team based at two distinct universities contributing a wide set of different skills, The LiveShow.in is guaranteed a creative and logical solution to the project scope. Our Strengths 1. Experience: Over the course of last academic year, our branch has been able to successfully complete 15 projects, for local and international organizations, ranging from non -profit organizations to profit companies with high social impact. 2. Continuity: Many consultants of last year(s) have shown interest in continuing to work for our branch, thus the branch benefits from the previous experience and knowledge of these consultants in our projects. 3. Multidisciplinary Background: Our branch is mainly composed of students coming from Erasmus University Rotterdam (Business, Management, Economics) and Delft University of Technology (Engineering, Computer Science, Architecture, Technology & Policy Management). About The LiveShow.in Theliveshow.in is an online platform which facilitates hiring professional Artists/Bands to perform at your special occasions such as birthdays, anniversaries, wedding events, corporate events, etc. Our platform offers a seamless experience of artist booking, along with quality & reliable service. We are a strong team of professionals with many years of experience in the live music industry. We’ve completed about 750 live shows a"
DOC-196,C:\Users\User\Desktop\180 deliverables\Type A Services Agreement - 180Degrees Consulting - Acceleration Bay LLC - Executed JW.pdf,Type A Services Agreement - 180Degrees Consulting - Acceleration Bay LLC - Executed JW.pdf,.pdf,295144,2026-07-04T13:34:34+02:00,46c17e6bd65fa17e540c22bb1e83278d2c0256fd893bd412bed3048908155305,,10,page,contract/agreement,Acceleration Bay,brand / marketing; strategy,high,legal terms/signatures; commercial/financial data,Type A Services Agreement - 180Degrees Consulting - Acceleration Bay LLC - Google Docs,"Date: 04 / 02 / 2026 180 Degrees Consulting Delft-Rotterdam Foundation (KVK 74037587) and Acceleration Bay LLC SERVICES AGREEMENT 1 180d0001_10273_048.docx THIS AGREEMENT is made on 04 / 02 / 2025 BETWEEN : 1. 180 Degrees Consulting Delft-Rotterdam Foundation (KVK 74037587) of Honingerdijk 71A01 (“the Branch ”); and 2. Acceleration Bay LLC of 548 Market Street, San Francisco, California, United States (“the Client ”), each a “ Party ” and together the “ Parties ”. RECITALS : A. The Client has engaged the Branch to provide the Services to the Client in consideration for the payment by the Client to either the Branch or the Nominee of the Service Fee in accordance with the terms of this agreement. IT IS AGREED AS FOLLOWS : 1. DEFINITIONS AND INTERPRETATION 1.1 Definitions In this agreement: 180 Degrees Consulting Global means 180 Degrees Consulting Limited (ACN 155 496 987). 180 Degrees Entities means 180 Degrees Consulting Global and its individual branches, licensees, franchisees, and affiliates (both in Australia and internationally), 180 Degrees Consulting US NFP (employer identification number 46-5092877) or a Related Entity of 180 Degrees Consulting Global. 180 Degrees Group means the Branch, 180 Degrees Consulting Global, and the 180 Degrees Entities. Claims means any and all actual or contingent claim, notice, demand, dispute, suit, action, potential cause of action, right, obligation, demand, proceeding, litigation, investigation, judgment, damage, loss, cost, payment, expense or liability however arising, whether present, 2 180d0001_10273_048.docx unascertained, immediate, future or contingent, whether based in contract, tort, at law, in equity or statute, and whether involving a third party or a party to this agreement, including, without limitation, claims arising out of or relating to, or in any way touching upon or connected with the Services or the matters the subject of this agreement. Nominee means 180 Degrees Consulting Global. Project Details includ"
DOC-197,C:\Users\User\Desktop\180 deliverables\Type A Services Agreement - 180Degrees Consulting Delft Rotterdam - Edge Video BV Executed JW.pdf,Type A Services Agreement - 180Degrees Consulting Delft Rotterdam - Edge Video BV Executed JW.pdf,.pdf,292820,2026-07-04T13:34:14+02:00,8def4f0330782bea873d8787fee031dd055e6e1d85cadac03eda0628eb9b2728,,10,page,contract/agreement,Edge Video,brand / marketing; strategy,high,legal terms/signatures; commercial/financial data,Type A Services Agreement - 180Degrees Consulting Delft Rotterdam - Edge Video LLC - Google Docs,"Date: 04 / 02 / 2026 180 Degrees Consulting Delft-Rotterdam Foundation (KVK 74037587) and Edge Video BV SERVICES AGREEMENT 1 180d0001_10273_048.docx THIS AGREEMENT is made on 04 / 02 / 2025 BETWEEN : 1. 180 Degrees Consulting Delft-Rotterdam Foundation (KVK 74037587) of Honingerdijk 71A01 (“the Branch ”); and 2. Edge Video BV of 548 Market Street, San Francisco, California, United States (“the Client ”), each a “ Party ” and together the “ Parties ”. RECITALS : A. The Client has engaged the Branch to provide the Services to the Client in consideration for the payment by the Client to either the Branch or the Nominee of the Service Fee in accordance with the terms of this agreement. IT IS AGREED AS FOLLOWS : 1. DEFINITIONS AND INTERPRETATION 1.1 Definitions In this agreement: 180 Degrees Consulting Global means 180 Degrees Consulting Limited (ACN 155 496 987). 180 Degrees Entities means 180 Degrees Consulting Global and its individual branches, licensees, franchisees, and affiliates (both in Australia and internationally), 180 Degrees Consulting US NFP (employer identification number 46-5092877) or a Related Entity of 180 Degrees Consulting Global. 180 Degrees Group means the Branch, 180 Degrees Consulting Global, and the 180 Degrees Entities. Claims means any and all actual or contingent claim, notice, demand, dispute, suit, action, potential cause of action, right, obligation, demand, proceeding, litigation, investigation, judgment, damage, loss, cost, payment, expense or liability however arising, whether present, unascertained, immediate, future or contingent, whether based in contract, tort, at law, in 2 180d0001_10273_048.docx equity or statute, and whether involving a third party or a party to this agreement, including, without limitation, claims arising out of or relating to, or in any way touching upon or connected with the Services or the matters the subject of this agreement. Nominee means 180 Degrees Consulting Global. Project Details include, but are not"
DOC-198,C:\Users\User\Desktop\180 deliverables\VBV x 180DC Final Deliverable.pdf,VBV x 180DC Final Deliverable.pdf,.pdf,2503078,2026-07-04T14:01:18+02:00,f8662dd2786a39a3953d291a31e9a4c7c207a733fb0d70b69261d760e0e8d3c6,,33,page,consulting deliverable,VBV,market research / growth; fundraising / partnerships; operations / procurement,high,commercial/financial data; client analysis and recommendations,,"September 2016 Visioning Beyond Violence & 180DC Shifting Gears to National Visibility and Operations 2180 DEGREES CONSULTING Our consulting team Team Leader NicholasCirje Consultant Bilge Deniz Polat​ SolèneRavaux Consultant Ishani Awasthi​ Consultant Aadya Bhardwaj​ Consultant Vincent de Laporte​ Consultant Consulting Director Anna Sloan 180 DEGREES CONSULTING 3 Our presentation today Executive Summary Analysis of Current Situation Strategy: Attracting younger donors Building national visibility Growing training participation Financing Risks and Mitigation4 5 180 DEGREES CONSULTING 4 Sparse Outreach • Tri-sector Ecosystem Integration: School Staff, Art Educators, and Medical Professionals • Consistent Online Engagement:Pre-planned batches of content, wholistic content pillars • Visibility of Operations:Process centred TikTok & Reels, chapter-based website section Lack of funding • Operationalize Donor Trust: structured impact cadence (e.g., monthly proof +quarterly summary) • Revenue Streams: Selling prints, certification training, consulting services for schools, and corporate partnerships Definition of milestones • 40 – 50% revenue growth in 1st year with combined strategy aiming for younger donors, national visibility and diversified funding • Able to deliver 60 – 75% revenue growth with a 3-year strategy Executive summary Analysis of current situation"
DOC-199,C:\Users\User\Desktop\180 deliverables\Veirdi_contract (3) (1).pdf,Veirdi_contract (3) (1).pdf,.pdf,182847,2026-07-04T13:38:02+02:00,a39322527acccb75c24fdef79b40d463af09c0cbfabbc51692c15816ffa83007,,7,page,contract/agreement,Veirdi,brand / marketing; digital / product,high,legal terms/signatures; commercial/financial data,,"1 Date: 10/01/2022 180DC Delft-Rotterdam and Veridi Technologies SERVICES AGREEMENT Page 2 THIS AGREEMENT is made on 10/01/2022 BETWEEN: 1. 180DC Delft-Rotterdam of Leopoldstraat 7A, 3031ST, Rotterdam, Netherlands (“180 Degrees”); and 2. Veridi Technologies (“the Client”), each a “Party” and together the “Parties”. A. The Client has engaged 180 Degrees to provide the Services to the Client in accordance with the terms of this agreement. IT IS AGREED AS FOLLOWS: 1. DEFINITIONS AND INTERPRETATION 1.1 Definitions In this agreement: 180 Degrees Consulting means 180 Degrees Consulting Limited (ACN 155 496 987). Claims means any and all actual or contingent claim, notice, demand, dispute, suit, action, potential cause of action, right, obligation, demand, proceeding, litigation, investigation, judgment, damage, loss, cost, payment, expense or liability however arising, whether present, unascertained, immediate, future or contingent, whether based in contract, tort, at law, in equity or statute, and whether involving a third party or a party to this agreement, including, without limitation, claims arising out of or relating to, or in any way touching upon or connected with the Services or the matters the subject of this agreement. Services means the services described in Schedule A to this agreement, and any amended or additional services as agreed between the Parties from time to time in accordance with the terms of clause 2 of this agreement. 1.2 Interpretation In this agreement, unless the context otherwise requires: (i) A reference to the singular includes the plural and the plural includes the singular. (ii) Headings are for convenience only and do not form part of this agreement or affect its interpretation. 2. SERVICES 180 Degrees will provide the Services to the Client and the Client will provide such Page 3 information, instructions and support as 180 Degrees requires to enable 180 Degrees to provide the Services (“the Project”). 2.1. The scope of the Services may"
DOC-200,C:\Users\User\Desktop\180 deliverables\Viva Independent - Deliverable 1.pptx,Viva Independent - Deliverable 1.pptx,.pptx,45432754,2026-07-04T13:59:44+02:00,7b2fda5a00ffab2463ab772f6fe1c7d23d7f23be5c0f9d89287a1cc88bf63150,,26,slide,consulting deliverable,Viva Independent,sustainability / circular economy; strategy,medium,client analysis and recommendations,Presentación de PowerPoint,"September 2016 22/11/2024 Viva Independent Schools INTERNAL ANALYSIS & CURRENT STRATEGY EVALUATION OUR TEAM Team Leader MSc Economics of Sustainability PATRICK TYRRELL Consultant BSc International Bus. Adm. JOHN MARK HOLST Consultant International BSc Economics and Business Economics PAZ CASAMITJANA ORTEGA Consultant BSc International Bus. Adm. CASPER SCHRETLEN Consultant MSc Management of Innovation ELEONORA BERNINI Fundamentals MISSION & VISION – Aligned with Viva Foundation “Our Mission is to establish schools within vulnerable and underprivileged communities as upliftment service hubs for the implementation of our own programmes, projects and initiatives” “The Vision of Viva Independent Schools is to be instrumental in the transformation of informal settlements and other high-priority poverty areas into stable neighbourhoods offering education and safe nutrition for all children and youth ” RESET TO 0 FROM JUNE 1 st 2024 Receiving funding and food. As of 2024, 225 children in two schools are receiving two meals per day. PART OF VIVA FOUNDATION Pre-June 2024 Viva Independent Schools splits from Viva Foundation to become its own NPC. AUTONOMY Food : Two school meals per day Education Quality : Textbooks, staff Education Quantity : New classrooms PRIORITIES FOR NEW YEAR 1. School fees , only partially. 2. Food provided by Viva Foundation when possible. LIMITED FUNDING STREAMS June 2024 Since June 2024 January 2025"
DOC-201,C:\Users\User\Desktop\180 deliverables\Y_s Men International Final Presentation.pdf,Y_s Men International Final Presentation.pdf,.pdf,4220735,2026-07-04T13:45:28+02:00,334c00d0d71b786653dc6287933c6e950181df8c4ad0166f50f6d92831b4f27c,,46,page,consulting deliverable,Y s Men International,brand / marketing; digital / product; strategy,medium,client analysis and recommendations,,September 2016 August 2021180 Degrees x Y’s Men International Final Presentation 180 DEGREES CONSULTING 2 Meet the T eam Ananya Sammidi Project T eam Member Esmond Tsang Project T eam Member Katelyn Lobo Project T eam Member Mit J Rajani Project T eam Member Priscilla Tran Project T eam Leader Likhit Agrawal Project T eam Leader 180 DEGREES CONSULTING 3 Our Approach MARKETING 180 DEGREES CONSULTING 5 Recommendations ● Analyzing Search Engine Optimization of region Websites ● Identifying common problems across websites OPTIMIZE SEO SOCIAL MEDIA ANAL YSIS BRANDING/PR EFFORTS ● Analyzing current social media metrics of Regional Facebook pages ● Identifying engagement strategy ● Identifying importance of branch voice ● Identiﬁed concentrated PR efforts
